Make,Model,City (kg/km/seat),Hwy (kg/km/seat),Comb (kg/km/seat),CO2 Emissions(g/km),Car Cost per Seat (AUD)
Acura,ILX,0.014652,0.01036,0.0127279999999999,200,11.434285714285716
Acura,MDX SH-AWD,0.018648,0.0139119999999999,0.016576,263,12.328
Acura,RDX SH-AWD,0.01628,0.0127279999999999,0.014652,232,11.040000000000001
Acura,RDX SH-AWD A-SPEC,0.016724,0.0134679999999999,0.015244,242,13.616
Acura,TLX SH-AWD,0.016576,0.01184,0.014504,230,11.73
Acura,TLX SH-AWD A-SPEC,0.016724,0.011988,0.014504,231,16.330000000000002
Acura,TLX Type S,0.018204,0.0139119999999999,0.01628,256,8.28
Acura,TLX Type S (Performance Tire),0.018204,0.014504,0.016576,261,13.616
Alfa Romeo,Giulia,0.0147999999999999,0.010656,0.0128759999999999,205,45.080000000000005
Alfa Romeo,Giulia AWD,0.0155399999999999,0.011396,0.013616,217,36.800000000000004
Alfa Romeo,Giulia Quadrifoglio,0.01998,0.013764,0.017168,271,11.408
Alfa Romeo,Stelvio,0.015244,0.011988,0.013764,218,10.304
Alfa Romeo,Stelvio AWD,0.015984,0.012284,0.014208,226,9.936
Alfa Romeo,Stelvio AWD Quadrifoglio,0.020572,0.015244,0.018204,288,9.936
Aston Martin,DB11 V8,0.01924,0.014504,0.01702,271,9.857142857142858
Aston Martin,DB11 V12,0.0242719999999999,0.015836,0.020424,324,11.224
Aston Martin,DBS V12,0.0242719999999999,0.015836,0.020424,324,10.672
Aston Martin,DBX V8,0.024864,0.017612,0.021608,343,15.456
Aston Martin,Vantage V8,0.019388,0.014208,0.01702,270,8.648
Audi,A3 Sedan 40 TFSI quattro,0.01258,0.009768,0.011248,178,18.032000000000004
Audi,A4 Sedan 40 TFSI quattro,0.0134679999999999,0.01036,0.0121359999999999,190,14.536000000000001
Audi,A4 Sedan 45 TFSI quattro,0.014504,0.011248,0.013024,205,10.777142857142858
Audi,A4 allroad 45 TFSI quattro,0.014504,0.011692,0.013172,208,12.696000000000002
Audi,A5 Cabriolet 45 TFSI quattro,0.015392,0.0111,0.0134679999999999,214,12.144000000000002
Audi,A5 Coupe 45 TFSI quattro,0.014504,0.011248,0.013024,205,13.616
Audi,A5 Sportback 45 TFSI quattro,0.014504,0.011248,0.013024,205,14.536000000000001
Audi,A6 Sedan 45 TFSI quattro,0.0150959999999999,0.010952,0.013172,208,11.408
Audi,A6 Sedan 55 TFSI quattro,0.016428,0.011544,0.014208,224,10.645714285714288
Audi,A6 allroad 55 TFSI quattro,0.01702,0.012284,0.0147999999999999,234,7.728
Audi,A7 Sportback 55 TFSI quattro,0.016428,0.011544,0.014208,224,12.328
Audi,A8 L Sedan 55 TFSI quattro,0.018648,0.012284,0.015688,248,13.616
Audi,Q3 40 TFSI quattro,0.015392,0.011396,0.013616,215,14.168000000000001
Audi,Q3 45 TFSI quattro,0.016872,0.012284,0.0147999999999999,233,13.616
Audi,Q5 40 TFSI quattro,0.015244,0.011988,0.013764,217,16.744
Audi,Q5 45 TFSI quattro,0.015244,0.012432,0.0139119999999999,220,13.616
Audi,Q5 Sportback 45 TFSI quattro,0.015244,0.012432,0.0139119999999999,220,13.984
Audi,Q7 45 TFSI quattro,0.0177599999999999,0.0139119999999999,0.015984,252,18.17
Audi,Q7 55 TFSI quattro,0.018944,0.0155399999999999,0.0173159999999999,273,12.144000000000002
Audi,Q8 55 TFSI quattro,0.018944,0.0155399999999999,0.0173159999999999,273,17.94
Audi,R8 Coupe Performance,0.0247159999999999,0.015244,0.020424,322,13.8
Audi,R8 Coupe Performance quattro,0.0264919999999999,0.017908,0.022644,356,14.168000000000001
Audi,R8 Spyder Performance,0.0247159999999999,0.015244,0.020424,322,13.8
Audi,R8 Spyder Performance quattro,0.0264919999999999,0.017908,0.022644,356,16.008000000000003
Audi,RS 5 Coupe quattro,0.01924,0.0139119999999999,0.016872,267,13.616
Audi,RS 5 Sportback quattro,0.019388,0.0139119999999999,0.016872,268,7.162857142857143
Audi,RS 6 Avant quattro,0.023828,0.015836,0.0202759999999999,319,12.696000000000002
Audi,RS 7 Sportback quattro,0.02368,0.0155399999999999,0.01998,315,12.144000000000002
Audi,RS Q8 quattro,0.0266399999999999,0.018204,0.022792,360,14.457142857142857
Audi,S3 Sedan quattro,0.0147999999999999,0.010656,0.013024,206,10.251428571428573
Audi,S4 Sedan quattro,0.016428,0.01184,0.0143559999999999,227,10.304
Audi,S5 Cabriolet quattro,0.016724,0.012432,0.0147999999999999,233,17.25
Audi,S5 Coupe quattro,0.016428,0.01184,0.0143559999999999,227,17.664
Audi,S5 Sportback quattro,0.016428,0.01184,0.0143559999999999,227,15.088
Audi,S6 Sedan quattro,0.018944,0.01258,0.016132,254,15.41
Audi,S7 Sportback quattro,0.018944,0.01258,0.016132,254,9.936
Audi,S8 Sedan quattro,0.0250119999999999,0.0150959999999999,0.020424,323,18.4
Audi,SQ5 quattro,0.0185,0.0143559999999999,0.016576,262,16.192
Audi,SQ5 Sportback quattro,0.0185,0.0143559999999999,0.016576,262,14.536000000000001
Audi,SQ7 quattro,0.02368,0.016872,0.020572,325,14.72
Audi,SQ8 quattro,0.02368,0.016872,0.020572,325,14.904000000000002
Audi,TT Coupe 45 TFSI quattro,0.0155399999999999,0.011692,0.0139119999999999,218,15.088
Audi,TT Roadster 45 TFSI quattro,0.0155399999999999,0.011692,0.0139119999999999,218,11.69714285714286
Audi,TT RS Coupe quattro,0.0173159999999999,0.011988,0.0149479999999999,235,10.35
Audi,TTS Coupe quattro,0.0147999999999999,0.011396,0.0133199999999999,209,11.592
Bentley,Bentayga,0.023384,0.014652,0.019536,309,13.668571428571429
Bentley,Bentayga Speed,0.02812,0.01924,0.024124,383,13.248000000000001
Bentley,Continental GT,0.022052,0.0133199999999999,0.018056,287,13.064000000000002
Bentley,Continental GT Speed,0.029008,0.0177599999999999,0.023976,379,10.120000000000001
Bentley,Continental GT Convertible,0.022496,0.013616,0.0185,294,13.616
Bentley,Continental GT Convertible Speed,0.030044,0.019092,0.02516,395,10.856
Bentley,Flying Spur,0.02294,0.017168,0.0202759999999999,323,17.112000000000002
Bentley,Flying Spur,0.028416,0.018056,0.02368,373,15.088
BMW,330i xDrive Sedan,0.01406,0.010212,0.012284,195,11.776
BMW,430i xDrive Cabriolet,0.0147999999999999,0.010508,0.0128759999999999,202,13.616
BMW,430i xDrive Coupe,0.0147999999999999,0.010508,0.0128759999999999,202,10.856
BMW,530i xDrive Sedan,0.0149479999999999,0.010952,0.013172,206,12.144000000000002
BMW,540i xDrive Sedan,0.0155399999999999,0.011988,0.0139119999999999,219,13.616
BMW,750i xDrive Sedan,0.020572,0.014208,0.0177599999999999,279,12.535
BMW,750Li xDrive Sedan,0.020572,0.014208,0.0177599999999999,279,13.248000000000001
BMW,Alpina B7,0.020572,0.014208,0.0177599999999999,279,12.144000000000002
BMW,Alpina B8 Gran Coupe,0.020572,0.014208,0.0177599999999999,279,15.088
BMW,Alpina XB7,0.023236,0.01702,0.020424,321,15.41
BMW,M235i xDrive Gran Coupe,0.015392,0.011544,0.013616,214,10.672
BMW,M240i xDrive Coupe,0.015392,0.0111,0.0134679999999999,212,13.616
BMW,M3 Sedan,0.0217559999999999,0.0149479999999999,0.018648,293,11.040000000000001
BMW,M3 Competition Sedan,0.02146,0.0150959999999999,0.018648,292,18.216
BMW,M3 Competition Sedan M xDrive,0.021608,0.0155399999999999,0.018796,296,9.936
BMW,M340i xDrive Sedan,0.015392,0.011396,0.013616,214,13.616
BMW,M4 Competition Cabriolet M xDrive,0.022348,0.015392,0.019092,301,12.328
BMW,M4 Coupe,0.0217559999999999,0.0149479999999999,0.018648,293,13.8
BMW,M4 Competition Coupe,0.02146,0.0150959999999999,0.018648,292,13.616
BMW,M4 Competition Coupe M xDrive,0.021608,0.0155399999999999,0.018796,296,14.536000000000001
BMW,M440i xDrive Cabriolet,0.015392,0.010952,0.0134679999999999,211,12.144000000000002
BMW,M440i xDrive Coupe,0.015392,0.011396,0.013616,214,9.594285714285714
BMW,M440i xDrive Gran Coupe,0.016132,0.01184,0.014208,224,13.616
BMW,M5 Sedan,0.023828,0.01628,0.020424,322,18.584
BMW,M5 Competition,0.023828,0.01628,0.020424,322,17.664
BMW,M5 CS,0.023828,0.01628,0.020424,322,15.272
BMW,M550i xDrive Sedan,0.01998,0.013764,0.017168,271,20.7
BMW,M760i xDrive Sedan,0.026344,0.017612,0.022348,354,13.616
BMW,M8 Cabriolet,0.023828,0.01628,0.020424,322,12.144000000000002
BMW,M8 Cabriolet Competition,0.023828,0.01628,0.020424,322,27.6
BMW,M8 Coupe,0.023828,0.01628,0.020424,322,12.328
BMW,M8 Coupe Competition,0.023828,0.01628,0.020424,322,14.536000000000001
BMW,M8 Gran Coupe,0.023828,0.01628,0.020424,322,13.616
BMW,M8 Gran Coupe Competition,0.023828,0.01628,0.020424,322,11.96
BMW,M850i xDrive Cabriolet,0.020572,0.014208,0.0177599999999999,279,13.8
BMW,M850i xDrive Coupe,0.01998,0.013764,0.017168,271,15.824000000000002
BMW,M850i xDrive Gran Coupe,0.020572,0.014208,0.0177599999999999,279,16.56
BMW,X1 xDrive28i,0.015244,0.011396,0.0134679999999999,213,13.616
BMW,X2 xDrive28i,0.014652,0.011248,0.013024,207,16.330000000000002
BMW,X2 M35i,0.014652,0.011248,0.013172,207,9.568000000000001
BMW,X3 xDrive30i,0.01628,0.01258,0.014652,230,13.431999999999999
BMW,X3 M,0.023236,0.0173159999999999,0.020572,323,18.216
BMW,X3 M Competition,0.023236,0.0173159999999999,0.020572,323,11.776
BMW,X3 M40i,0.016576,0.0134679999999999,0.015244,241,16.376
BMW,X4 xDrive30i,0.01628,0.01258,0.014652,230,9.016000000000002
BMW,X4 M,0.023236,0.0173159999999999,0.020572,323,15.088
BMW,X4 M Competition,0.023236,0.0173159999999999,0.020572,323,17.112000000000002
BMW,X4 M40i,0.016576,0.0134679999999999,0.015244,241,9.936
BMW,X5 xDrive40i,0.016724,0.013616,0.015392,241,13.8
BMW,X5 M,0.0264919999999999,0.01924,0.023236,364,18.032000000000004
BMW,X5 M Competition,0.0264919999999999,0.01924,0.023236,364,14.720000000000002
BMW,X5 M50i,0.021312,0.015688,0.018796,302,13.616
BMW,X6 xDrive40i,0.016724,0.013616,0.015392,241,10.120000000000001
BMW,X6 M,0.0264919999999999,0.01924,0.023236,364,16.744
BMW,X6 M Competition,0.0264919999999999,0.01924,0.023236,364,11.776
BMW,X6 M50i,0.021312,0.015688,0.018796,302,10.304
BMW,X7 xDrive40i,0.017908,0.014504,0.016428,256,13.248000000000001
BMW,X7 M50i,0.023236,0.01702,0.020424,321,13.616
BMW,Z4 sDrive30i,0.0139119999999999,0.010952,0.01258,199,13.616
BMW,Z4 M40i,0.015984,0.011988,0.014208,223,13.431999999999999
Bugatti,Chiron,0.039664,0.024568,0.032856,522,16.192
Bugatti,Chiron Pur Sport,0.044844,0.0309319999999999,0.038628,608,11.776
Bugatti,Chiron Super Sport,0.044844,0.0309319999999999,0.038628,608,16.192
Buick,Enclave,0.01924,0.0134679999999999,0.016576,263,13.616
Buick,Enclave AWD,0.020128,0.014208,0.017464,277,12.144000000000002
Buick,Encore,0.0143559999999999,0.010804,0.0127279999999999,201,15.64
Buick,Encore AWD,0.0150959999999999,0.011396,0.0134679999999999,214,13.616
Buick,Encore GX,0.01184,0.011248,0.011544,184,12.88
Buick,Encore GX,0.0121359999999999,0.010952,0.011692,185,13.616
Buick,Encore GX AWD,0.0133199999999999,0.0121359999999999,0.0127279999999999,201,17.48
Buick,Envision,0.0147999999999999,0.011248,0.013172,209,10.672
Buick,Envision AWD,0.0155399999999999,0.0121359999999999,0.01406,220,13.248000000000001
Cadillac,CT4,0.0150959999999999,0.01036,0.013024,206,9.384
Cadillac,CT4,0.01628,0.011248,0.01406,221,11.776
Cadillac,CT4 AWD,0.0155399999999999,0.011248,0.013616,216,16.376
Cadillac,CT4 AWD,0.016872,0.0121359999999999,0.0147999999999999,233,14.72
Cadillac,CT4-V,0.017612,0.0121359999999999,0.0150959999999999,239,14.536000000000001
Cadillac,CT4-V AWD,0.0177599999999999,0.012432,0.015392,244,13.431999999999999
Cadillac,CT4-V Blackwing,0.0222,0.0143559999999999,0.018648,297,11.408
Cadillac,CT4-V Blackwing,0.022496,0.0150959999999999,0.01924,303,13.616
Cadillac,CT5,0.015244,0.010508,0.013024,207,9.384
Cadillac,CT5,0.018352,0.0128759999999999,0.015836,252,12.696000000000002
Cadillac,CT5 AWD,0.016132,0.011544,0.01406,222,17.112000000000002
Cadillac,CT5 AWD,0.018944,0.0134679999999999,0.016428,260,13.248000000000001
Cadillac,CT5-V,0.018944,0.0128759999999999,0.01628,258,11.224
Cadillac,CT5-V AWD,0.018944,0.0134679999999999,0.016428,260,45.080000000000005
Cadillac,CT5-V Blackwing,0.026788,0.015836,0.021904,346,11.828571428571427
Cadillac,CT5-V Blackwing,0.0270839999999999,0.016872,0.022496,356,13.064000000000002
Cadillac,Escalade 4WD,0.0173159999999999,0.0133199999999999,0.0155399999999999,281,14.904000000000002
Cadillac,Escalade 4WD,0.024124,0.018796,0.0217559999999999,345,36.800000000000004
Cadillac,Escalade 4WD (No Stop-Start),0.02516,0.018796,0.022348,353,14.950000000000001
Cadillac,XT4,0.0147999999999999,0.011544,0.0133199999999999,211,7.728
Cadillac,XT4 AWD,0.016132,0.0121359999999999,0.0143559999999999,225,17.296
Cadillac,XT5,0.015984,0.0121359999999999,0.014208,225,21.39
Cadillac,XT5 AWD,0.016576,0.0128759999999999,0.0149479999999999,237,13.431999999999999
Cadillac,XT5 AWD,0.019092,0.013616,0.016576,263,19.32
Cadillac,XT6 AWD,0.016576,0.0133199999999999,0.0150959999999999,239,12.512
Cadillac,XT6 AWD,0.019388,0.01406,0.01702,269,13.616
Chevrolet,Blazer,0.015688,0.01184,0.0139119999999999,221,13.616
Chevrolet,Blazer,0.018204,0.013024,0.015836,252,14.168000000000001
Chevrolet,Blazer AWD,0.015984,0.0128759999999999,0.014652,232,8.464
Chevrolet,Blazer AWD,0.018648,0.013616,0.01628,259,9.752
Chevrolet,Camaro,0.016132,0.011544,0.01406,222,9.568000000000001
Chevrolet,Camaro,0.018648,0.01184,0.0155399999999999,239,14.168000000000001
Chevrolet,Camaro,0.018944,0.011988,0.015836,251,19.136000000000003
Chevrolet,Camaro,0.021312,0.0134679999999999,0.0177599999999999,281,14.536000000000001
Chevrolet,Camaro SS,0.021608,0.013172,0.0177599999999999,281,15.272
Chevrolet,Camaro SS,0.022052,0.014652,0.018648,296,10.672
Chevrolet,Camaro ZL1,0.0270839999999999,0.016576,0.022348,355,10.304
Chevrolet,Camaro ZL1,0.0254559999999999,0.0177599999999999,0.022052,349,9.725714285714286
Chevrolet,Colorado,0.018056,0.0139119999999999,0.016132,257,13.616
Chevrolet,Colorado,0.017464,0.011692,0.0149479999999999,270,10.645714285714288
Chevrolet,Colorado,0.019092,0.013764,0.016724,263,13.064000000000002
Chevrolet,Colorado 4WD,0.018648,0.014652,0.016872,267,17.848000000000003
Chevrolet,Colorado 4WD,0.018056,0.012432,0.0155399999999999,283,9.016000000000002
Chevrolet,Colorado 4WD,0.02072,0.014652,0.017908,283,14.168000000000001
Chevrolet,Colorado ZR2 4WD,0.019684,0.015688,0.017908,326,13.931428571428572
Chevrolet,Colorado ZR2 4WD,0.0222,0.01924,0.0208679999999999,329,14.904000000000002
Chevrolet,Corvette,0.022348,0.014208,0.018648,297,14.536000000000001
Chevrolet,Equinox,0.013172,0.011396,0.012432,198,13.616
Chevrolet,Equinox AWD,0.0139119999999999,0.01184,0.013024,208,13.616
Chevrolet,Malibu,0.0121359999999999,0.009768,0.0111,175,14.352
Chevrolet,Malibu,0.015836,0.010508,0.0134679999999999,213,12.144000000000002
Chevrolet,Silverado,0.0185,0.015688,0.017168,274,13.616
Chevrolet,Silverado,0.0150959999999999,0.0111,0.013172,240,16.928
Chevrolet,Silverado FFV,0.023976,0.018204,0.02146,341,12.144000000000002
Chevrolet,Silverado FFV,0.03182,0.02368,0.0282679999999999,321,18.768
Chevrolet,Silverado,0.022348,0.016724,0.019832,314,15.64
Chevrolet,Silverado,0.021312,0.016724,0.01924,304,12.144000000000002
Chevrolet,Silverado 4WD,0.020572,0.0177599999999999,0.019388,306,10.672
Chevrolet,Silverado 4WD Mud Terrain Tire,0.0217559999999999,0.019388,0.02072,328,14.904000000000002
Chevrolet,Silverado 4WD,0.016132,0.0134679999999999,0.0149479999999999,272,13.431999999999999
Chevrolet,Silverado 4WD (With Sport Mode),0.0155399999999999,0.0134679999999999,0.014652,265,15.088
Chevrolet,Silverado 4WD Mud Terrain Tire,0.017464,0.015244,0.016576,298,11.592
Chevrolet,Silverado 4WD FFV,0.02442,0.018944,0.021904,347,17.48
Chevrolet,Silverado 4WD FFV,0.03256,0.0242719999999999,0.02886,326,11.224
Chevrolet,Silverado 4WD Mud Terrain Tire FFV,0.0257519999999999,0.0217559999999999,0.023976,380,11.040000000000001
Chevrolet,Silverado 4WD Mud Terrain Tire FFV,0.034188,0.029008,0.03182,358,12.328
Chevrolet,Silverado 4WD,0.023088,0.017612,0.020572,327,13.064000000000002
Chevrolet,Silverado 4WD Mud Terrain Tire,0.0250119999999999,0.019684,0.022644,359,12.512
Chevrolet,Silverado 4WD,0.0217559999999999,0.017464,0.019832,314,16.192
Chevrolet,Silverado 4WD (No DFM),0.024864,0.018352,0.021904,347,19.013333333333332
Chevrolet,Silverado 4WD (With Sport Mode),0.022644,0.018204,0.020572,327,10.856
Chevrolet,Silverado 4WD (No Stop-Start),0.023828,0.018352,0.021312,339,14.904000000000002
Chevrolet,Silverado 4WD Mud Terrain Tire,0.024568,0.02072,0.022792,361,12.144000000000002
Chevrolet,Silverado 4WD Mud Terrain Tire (No Stop-Start),0.024864,0.020572,0.02294,364,14.904000000000002
Chevrolet,Silverado 4WD Mud Terrain Tire (No DFM),0.026788,0.020424,0.023976,381,12.328
Chevrolet,Silverado 4WD,0.023236,0.017612,0.02072,329,12.88
Chevrolet,Silverado 4WD (No Stop-Start),0.024568,0.018204,0.0217559999999999,345,15.272
Chevrolet,Silverado 4WD Custom Trail Boss,0.02442,0.019536,0.0222,352,17.112000000000002
Chevrolet,Silverado 4WD Mud Terrain Tire,0.02442,0.019536,0.0222,352,12.512
Chevrolet,Silverado 4WD Mud Terrain Tire (No Stop-Start),0.0269359999999999,0.021016,0.0242719999999999,385,13.616
Chevrolet,Silverado 4WD ZR2,0.0247159999999999,0.0208679999999999,0.02294,366,18.032000000000004
Chevrolet,Spark,0.011396,0.009176,0.01036,165,13.616
Chevrolet,Spark,0.01184,0.009176,0.010656,170,9.752
Chevrolet,Suburban,0.016576,0.0128759999999999,0.0149479999999999,272,16.376
Chevrolet,Suburban,0.023384,0.017464,0.02072,327,13.248000000000001
Chevrolet,Suburban (No Stop-Start),0.02368,0.017612,0.0208679999999999,332,19.32
Chevrolet,Suburban 4WD,0.0173159999999999,0.0133199999999999,0.0155399999999999,281,38.18
Chevrolet,Suburban 4WD,0.023532,0.018352,0.021164,336,12.696000000000002
Chevrolet,Suburban 4WD (No Stop-Start),0.02516,0.018796,0.022348,354,11.959999999999999
Chevrolet,Suburban 4WD,0.024124,0.018796,0.0217559999999999,345,18.952
Chevrolet,Suburban 4WD (No Stop-Start),0.02516,0.018796,0.022348,353,9.568000000000001
Chevrolet,Tahoe,0.01628,0.012432,0.014504,263,10.382857142857144
Chevrolet,Tahoe,0.023384,0.017464,0.02072,327,17.296
Chevrolet,Tahoe (No Stop-Start),0.02368,0.017612,0.0208679999999999,332,17.296
Chevrolet,Tahoe 4WD,0.0173159999999999,0.0133199999999999,0.0155399999999999,281,38.18
Chevrolet,Tahoe 4WD,0.023384,0.017464,0.02072,327,8.832
Chevrolet,Tahoe 4WD (No Stop-Start),0.02516,0.018796,0.022348,354,9.016000000000002
Chevrolet,Tahoe 4WD,0.024124,0.018796,0.0217559999999999,345,14.72
Chevrolet,Tahoe 4WD (No Stop-Start),0.02516,0.018796,0.022348,353,13.616
Chevrolet,Trailblazer,0.01184,0.011248,0.011544,184,13.616
Chevrolet,Trailblazer,0.01184,0.010656,0.011248,178,10.856
Chevrolet,Trailblazer AWD,0.013172,0.011544,0.012432,197,12.696000000000002
Chevrolet,Traverse,0.01924,0.013024,0.016428,260,13.984
Chevrolet,Traverse AWD,0.020128,0.014208,0.017464,277,13.248000000000001
Chevrolet,Trax,0.0143559999999999,0.010804,0.0127279999999999,201,13.8
Chevrolet,Trax AWD,0.0150959999999999,0.011396,0.0134679999999999,214,13.431999999999999
Chrysler,300,0.018352,0.011544,0.015244,242,11.565714285714288
Chrysler,300,0.0217559999999999,0.0139119999999999,0.018204,289,13.064000000000002
Chrysler,300 AWD,0.018944,0.0128759999999999,0.01628,258,13.248000000000001
Chrysler,Grand Caravan,0.018352,0.012432,0.015688,249,10.488000000000001
Chrysler,Pacifica,0.018352,0.012432,0.015688,249,11.040000000000001
Chrysler,Pacifica AWD,0.0208679999999999,0.0139119999999999,0.0177599999999999,279,40.02
Dodge,Challenger,0.018352,0.011544,0.015244,242,17.112000000000002
Dodge,Challenger (MDS),0.0217559999999999,0.0139119999999999,0.018204,289,15.64
Dodge,Challenger,0.023088,0.0149479999999999,0.019388,307,11.224
Dodge,Challenger (MDS),0.023384,0.014208,0.01924,305,13.064000000000002
Dodge,Challenger,0.0247159999999999,0.015392,0.020572,325,11.776
Dodge,Challenger AWD,0.018944,0.0128759999999999,0.01628,258,13.8
Dodge,Challenger Widebody (MDS),0.023384,0.014208,0.01924,305,17.48
Dodge,Challenger Widebody,0.0247159999999999,0.015392,0.020572,325,20.240000000000002
Dodge,Challenger SRT Hellcat,0.026048,0.015836,0.02146,339,12.512
Dodge,Challenger SRT Hellcat,0.026788,0.016872,0.022348,352,16.928
Dodge,Challenger SRT Hellcat Widebody,0.027528,0.016724,0.022644,359,11.408
Dodge,Challenger SRT Hellcat Widebody,0.026788,0.016872,0.022348,352,10.488000000000001
Dodge,Charger,0.018352,0.011544,0.015244,242,13.984
Dodge,Charger (MDS),0.0217559999999999,0.0139119999999999,0.018204,289,16.376
Dodge,Charger (MDS),0.023384,0.014208,0.01924,305,17.48
Dodge,Charger AWD,0.018944,0.0128759999999999,0.01628,258,10.304
Dodge,Charger Widebody (MDS),0.023384,0.014208,0.01924,305,9.384
Dodge,Charger SRT Hellcat Widebody,0.02812,0.01702,0.023088,368,9.752
Dodge,Durango AWD,0.018796,0.014208,0.016724,265,9.462857142857144
Dodge,Durango AWD,0.0247159999999999,0.016132,0.0208679999999999,331,9.568000000000001
Dodge,Durango AWD SRT,0.0270839999999999,0.018056,0.023088,363,12.512
FIAT,500X AWD,0.0147999999999999,0.011692,0.0134679999999999,221,14.194285714285714
Ford,Bronco 4WD,0.017908,0.016576,0.0173159999999999,275,13.616
Ford,Bronco 4WD,0.017908,0.016872,0.017464,277,16.376
Ford,Bronco 4WD,0.018944,0.017612,0.018352,291,13.984
Ford,Bronco Badlands 4WD,0.01998,0.02072,0.0202759999999999,323,12.696000000000002
Ford,Bronco Badlands 4WD,0.022052,0.01998,0.021164,336,11.040000000000001
Ford,Bronco Badlands 4WD,0.0208679999999999,0.0208679999999999,0.0208679999999999,331,14.904000000000002
Ford,Bronco Black Diamond 4WD,0.019388,0.019388,0.019388,308,10.304
Ford,Bronco Black Diamond 4WD,0.020424,0.018352,0.019536,310,19.013333333333332
Ford,Bronco Sasquatch 4WD,0.019388,0.020424,0.019832,314,33.733333333333334
Ford,Bronco Sasquatch 4WD,0.020424,0.019388,0.01998,317,13.616
Ford,Bronco Sasquatch 4WD,0.0208679999999999,0.0208679999999999,0.0208679999999999,331,13.984
Ford,Bronco Sport 4WD,0.013764,0.012432,0.013172,209,13.064000000000002
Ford,Bronco Sport 4WD,0.016428,0.0133199999999999,0.0150959999999999,240,10.235000000000001
Ford,EcoSport AWD,0.015392,0.01184,0.013764,219,14.536000000000001
Ford,Edge AWD,0.01702,0.012432,0.0149479999999999,238,11.040000000000001
Ford,Edge AWD,0.017168,0.01258,0.0150959999999999,239,12.328
Ford,Edge AWD,0.018648,0.013764,0.016576,262,14.536000000000001
Ford,Escape,0.01258,0.010064,0.011544,182,13.616
Ford,Escape AWD,0.0133199999999999,0.011248,0.012432,198,13.616
Ford,Escape AWD,0.0155399999999999,0.0111,0.013616,216,18.216
Ford,Escape Hybrid,0.007992,0.009324,0.008584,136,26.986666666666668
Ford,Escape Hybrid AWD,0.00814,0.009472,0.008732,139,19.688
Ford,Expedition 4X4,0.021904,0.015688,0.019092,304,12.190000000000001
Ford,Expedition 4X4 (Without Stop-Start),0.022792,0.016576,0.01998,317,13.616
Ford,Expedition Timberline 4X4,0.02146,0.018204,0.01998,317,14.352
Ford,Expedition Timberline 4X4 (Without Stop-Start),0.022496,0.018204,0.020572,326,11.592
Ford,Explorer AWD,0.0173159999999999,0.0127279999999999,0.015244,242,14.457142857142857
Ford,Explorer AWD (Without Stop-Start),0.0177599999999999,0.0133199999999999,0.015836,252,7.728
Ford,Explorer Timberline AWD,0.018056,0.0155399999999999,0.01702,269,14.536000000000001
Ford,Explorer Timberline AWD (Without Stop-Start),0.0185,0.01628,0.017464,277,8.648
Ford,Explorer AWD,0.019832,0.014504,0.017464,277,16.376
Ford,Explorer Hybrid AWD,0.0149479999999999,0.0133199999999999,0.014208,225,16.192
Ford,F-150,0.017908,0.0139119999999999,0.016132,256,12.190000000000001
Ford,F-150 (Without Stop-Start),0.01998,0.0149479999999999,0.0177599999999999,282,11.96
Ford,F-150 FFV,0.017908,0.014504,0.016428,260,14.457142857142857
Ford,F-150 FFV,0.024864,0.018944,0.0222,249,16.192
Ford,F-150,0.019388,0.014652,0.0173159999999999,275,11.224
Ford,F-150 (Without Stop-Start),0.0202759999999999,0.0147999999999999,0.0177599999999999,281,15.088
Ford,F-150 FFV,0.021312,0.015984,0.018944,300,10.120000000000001
Ford,F-150 FFV,0.030784,0.021164,0.0264919999999999,298,13.616
Ford,F-150 FFV (Without Stop-Start),0.0217559999999999,0.015688,0.019092,302,10.672
Ford,F-150 FFV (Without Stop-Start),0.029748,0.0208679999999999,0.0257519999999999,289,12.190000000000001
Ford,F-150 4X4,0.019092,0.0149479999999999,0.0173159999999999,274,14.536000000000001
Ford,F-150 4X4 FFV,0.018648,0.015836,0.017464,277,11.040000000000001
Ford,F-150 4X4 FFV,0.025604,0.019388,0.022792,256,11.040000000000001
Ford,F-150 4X4,0.01998,0.015244,0.017908,284,11.96
Ford,F-150 4X4 (Without Stop-Start),0.021608,0.01628,0.01924,304,13.616
Ford,F-150 4X4 FFV,0.0217559999999999,0.015984,0.019092,304,15.64
Ford,F-150 4X4 FFV,0.031376,0.021016,0.026788,301,12.512
Ford,F-150 4X4 FFV (Without Stop-Start),0.022348,0.015836,0.019388,308,13.616
Ford,F-150 4X4 FFV (Without Stop-Start),0.0306359999999999,0.021016,0.026344,295,10.672
Ford,F-150 Raptor 4X4,0.023384,0.019536,0.021608,344,13.616
Ford,F-150 Raptor 4X4 (Without Stop-Start),0.024864,0.019536,0.022496,357,20.240000000000002
Ford,F-150 Raptor 37 4X4,0.02368,0.021312,0.022644,359,17.664
Ford,F-150 Raptor 37 4X4 (Without Stop-Start),0.024568,0.021904,0.023384,370,36.800000000000004
Ford,F-150 Tremor 4X4,0.021164,0.017464,0.019536,310,11.828571428571427
Ford,F-150 Tremor 4X4 (Without Stop-Start),0.0217559999999999,0.0173159999999999,0.019684,313,10.672
Ford,F-150 Hybrid,0.014504,0.0143559999999999,0.0143559999999999,228,14.352
Ford,F-150 Hybrid 4X4,0.015244,0.0147999999999999,0.0150959999999999,238,11.408
Ford,GT,0.0294519999999999,0.018944,0.0247159999999999,395,16.192
Ford,Maverick AWD,0.015836,0.011988,0.014208,226,13.431999999999999
Ford,Maverick Hybrid,0.008288,0.010508,0.009324,147,12.696000000000002
Ford,Mustang,0.01628,0.010952,0.013764,220,10.645714285714288
Ford,Mustang,0.016872,0.011692,0.014504,231,17.48
Ford,Mustang (High Performance),0.0173159999999999,0.0127279999999999,0.015244,242,11.73
Ford,Mustang,0.01702,0.0121359999999999,0.0147999999999999,236,12.512
Ford,Mustang (High Performance),0.017612,0.0128759999999999,0.0155399999999999,246,12.144000000000002
Ford,Mustang,0.022496,0.0143559999999999,0.018796,298,12.88
Ford,Mustang,0.023828,0.0149479999999999,0.019832,314,14.325714285714286
Ford,Mustang Convertible,0.0173159999999999,0.011988,0.0149479999999999,237,13.8
Ford,Mustang Convertible,0.0177599999999999,0.01258,0.015392,244,16.376
Ford,Mustang Convertible (High Performance),0.017908,0.013172,0.015836,252,13.616
Ford,Mustang Convertible,0.017464,0.0127279999999999,0.015392,244,14.720000000000002
Ford,Mustang Convertible (High Performance),0.018204,0.013616,0.016132,256,26.986666666666668
Ford,Mustang Convertible,0.023384,0.015392,0.019832,314,12.696000000000002
Ford,Mustang Mach 1,0.022496,0.0149479999999999,0.019092,302,13.616
Ford,Mustang Mach 1,0.025308,0.016576,0.02146,339,14.352
Ford,Ranger 4WD,0.017612,0.0143559999999999,0.016132,256,12.144000000000002
Ford,Ranger 4WD (Without Stop-Start),0.018352,0.0143559999999999,0.016576,262,12.328
Ford,Ranger 4WD Tremor,0.018352,0.018204,0.018352,291,14.904000000000002
Ford,Shelby GT500 Mustang,0.0294519999999999,0.018796,0.0247159999999999,392,13.064000000000002
Ford,Transit Connect Van,0.014504,0.013172,0.0139119999999999,221,13.616
Ford,Transit Connect Van FFV,0.014504,0.013172,0.0139119999999999,221,13.431999999999999
Ford,Transit Connect Van FFV,0.019684,0.017612,0.018796,211,12.144000000000002
Ford,Transit Connect Van,0.0177599999999999,0.013172,0.015688,249,14.352
Ford,Transit Connect Wagon LWB,0.0147999999999999,0.012284,0.013616,216,11.171428571428573
Ford,Transit Connect Wagon LWB FFV,0.0147999999999999,0.012284,0.013616,216,10.488000000000001
Ford,Transit Connect Wagon LWB FFV,0.0217559999999999,0.016724,0.019536,219,14.720000000000002
Ford,Transit Connect Wagon LWB,0.017908,0.0133199999999999,0.015688,249,18.4
Genesis,G70 AWD,0.01998,0.0134679999999999,0.01702,273,16.192
Genesis,G80 AWD,0.015984,0.011692,0.01406,225,9.752
Genesis,G80 AWD,0.021904,0.014652,0.018648,298,10.856
Genesis,G90 AWD,0.0222,0.0149479999999999,0.018944,303,8.648
Genesis,GV70 AWD,0.015836,0.012432,0.0143559999999999,229,7.544
Genesis,GV70 AWD,0.019092,0.0147999999999999,0.017168,275,14.352
Genesis,GV80 AWD,0.016724,0.01406,0.0155399999999999,248,16.928
Genesis,GV80 AWD,0.019092,0.015392,0.017464,279,13.248000000000001
GMC,Acadia,0.015688,0.01184,0.0139119999999999,221,11.96
GMC,Acadia,0.018204,0.013024,0.015836,252,11.69714285714286
GMC,Acadia AWD,0.015984,0.0128759999999999,0.014652,232,17.112000000000002
GMC,Acadia AWD,0.018648,0.013616,0.01628,259,12.512
GMC,Canyon,0.018056,0.0139119999999999,0.016132,257,13.616
GMC,Canyon,0.017464,0.011692,0.0149479999999999,270,14.352
GMC,Canyon,0.019092,0.013764,0.016724,263,12.88
GMC,Canyon 4WD,0.018648,0.014652,0.016872,267,15.272
GMC,Canyon 4WD,0.018056,0.012432,0.0155399999999999,283,11.592
GMC,Canyon 4WD,0.02072,0.014652,0.017908,283,11.224
GMC,Sierra,0.0185,0.015688,0.017168,274,13.984
GMC,Sierra,0.0150959999999999,0.011544,0.0134679999999999,245,10.488000000000001
GMC,Sierra FFV,0.023976,0.018204,0.02146,341,12.88
GMC,Sierra FFV,0.03182,0.02368,0.0282679999999999,321,12.512
GMC,Sierra,0.022348,0.016724,0.019832,314,13.616
GMC,Sierra,0.021312,0.016724,0.01924,305,13.616
GMC,Sierra 4WD,0.020572,0.0177599999999999,0.019388,306,14.720000000000002
GMC,Sierra 4WD Mud Terrain Tire,0.0217559999999999,0.019388,0.02072,328,13.616
GMC,Sierra 4WD,0.0155399999999999,0.0134679999999999,0.014652,265,21.85
GMC,Sierra 4WD Mud Terrain Tire,0.017464,0.015244,0.016576,298,8.832
GMC,Sierra 4WD FFV,0.02442,0.018944,0.021904,347,13.248000000000001
GMC,Sierra 4WD FFV,0.03256,0.0242719999999999,0.02886,326,14.536000000000001
GMC,Sierra 4WD Mud Terrain Tire FFV,0.0257519999999999,0.0217559999999999,0.023976,380,8.648
GMC,Sierra 4WD Mud Terrain Tire FFV,0.034188,0.029008,0.03182,358,11.776
GMC,Sierra 4WD,0.023088,0.017612,0.020572,327,11.408
GMC,Sierra 4WD Mud Terrain Tire,0.0250119999999999,0.019684,0.022644,359,15.456
GMC,Sierra 4WD,0.022052,0.0177599999999999,0.020128,318,10.235000000000001
GMC,Sierra 4WD (No DFM),0.024864,0.018352,0.021904,347,16.192
GMC,Sierra 4WD (With Sport Mode),0.022792,0.018204,0.02072,329,13.248000000000001
GMC,Sierra 4WD (No Stop-Start),0.023828,0.018352,0.021312,338,13.431999999999999
GMC,Sierra 4WD Mud Terrain Tire,0.024568,0.02072,0.022792,360,10.304
GMC,Sierra 4WD Mud Terrain Tire (No DFM),0.026788,0.020424,0.023976,381,14.536000000000001
GMC,Sierra 4WD,0.023236,0.017612,0.02072,329,13.064000000000002
GMC,Sierra 4WD (No Stop-Start),0.024568,0.018204,0.0217559999999999,345,13.616
GMC,Sierra 4WD Mud Terrain Tire,0.02442,0.019536,0.0222,352,13.8
GMC,Sierra 4WD Mud Terrain Tire (No Stop-Start),0.0269359999999999,0.021016,0.0242719999999999,385,16.56
GMC,Terrain,0.013616,0.011544,0.0127279999999999,202,16.744
GMC,Terrain AWD,0.014208,0.012284,0.0133199999999999,212,13.142857142857142
GMC,Yukon,0.016576,0.0128759999999999,0.0149479999999999,272,27.906666666666666
GMC,Yukon,0.023384,0.017464,0.02072,327,15.272
GMC,Yukon (No Stop-Start),0.02368,0.017612,0.0208679999999999,332,13.616
GMC,Yukon 4WD,0.0173159999999999,0.0133199999999999,0.0155399999999999,281,11.592
GMC,Yukon 4WD,0.023384,0.017464,0.02072,327,7.622857142857143
GMC,Yukon 4WD (No Stop-Start),0.02516,0.018796,0.022348,354,12.328
GMC,Yukon 4WD,0.024124,0.018796,0.0217559999999999,345,24.533333333333335
GMC,Yukon 4WD (No Stop-Start),0.02516,0.018796,0.022348,353,11.408
GMC,Yukon XL,0.016576,0.0128759999999999,0.0149479999999999,272,16.192
GMC,Yukon XL,0.023384,0.017464,0.02072,327,12.696000000000002
GMC,Yukon XL (No Stop-Start),0.02368,0.017612,0.0208679999999999,332,18.4
GMC,Yukon XL 4WD,0.0173159999999999,0.0133199999999999,0.0155399999999999,281,15.088
GMC,Yukon XL 4WD,0.023532,0.018352,0.021164,336,10.856
GMC,Yukon XL 4WD (No Stop-Start),0.02516,0.018796,0.022348,354,9.936
GMC,Yukon XL 4WD,0.024124,0.018796,0.0217559999999999,345,11.040000000000001
GMC,Yukon XL 4WD (No Stop-Start),0.02516,0.018796,0.022348,353,13.616
Honda,Accord,0.011544,0.00962,0.010656,168,17.848000000000003
Honda,Accord Sport/Touring,0.011988,0.010064,0.0111,176,22.080000000000002
Honda,Accord Sport/Touring,0.015392,0.010952,0.0134679999999999,211,11.592
Honda,Accord Hybrid,0.0073999999999999,0.0073999999999999,0.0073999999999999,117,13.616
Honda,Accord Hybrid Sport/Touring,0.007844,0.008436,0.00814,129,15.456
Honda,Civic Hatchback,0.011396,0.009324,0.010508,166,13.616
Honda,Civic Hatchback,0.01258,0.009324,0.0111,175,13.405714285714286
Honda,Civic Hatchback,0.01184,0.009176,0.010656,167,9.016000000000002
Honda,Civic Hatchback,0.0134679999999999,0.009768,0.01184,186,13.616
Honda,Civic Sedan,0.011248,0.009028,0.010212,162,13.616
Honda,Civic Sedan,0.011396,0.0088799999999999,0.010212,162,15.824000000000002
Honda,Civic Sedan,0.011544,0.009324,0.010508,165,14.457142857142857
Honda,Civic Sedan Si,0.0128759999999999,0.009472,0.011396,180,11.302857142857144
Honda,CR-V,0.012284,0.01036,0.011396,180,13.616
Honda,CR-V AWD,0.0128759999999999,0.010952,0.011988,189,12.512
Honda,HR-V,0.012432,0.01036,0.011544,181,11.828571428571427
Honda,HR-V AWD,0.013024,0.0111,0.0121359999999999,193,13.616
Honda,HR-V AWD,0.0134679999999999,0.011396,0.01258,200,20.7
Honda,Odyssey,0.018056,0.01258,0.015688,248,13.8
Honda,Passport AWD,0.0185,0.014504,0.016724,265,14.536000000000001
Honda,Pilot AWD,0.018352,0.013764,0.01628,256,12.328
Honda,Pilot AWD TrailSport,0.018204,0.01406,0.016428,260,15.456
Honda,Ridgeline AWD,0.018944,0.014652,0.01702,271,9.016000000000002
Hyundai,Elantra,0.012432,0.009768,0.011248,179,14.720000000000002
Hyundai,Elantra,0.011248,0.008436,0.009916,158,14.536000000000001
Hyundai,Elantra (ISG),0.010508,0.00814,0.009472,151,13.616
Hyundai,Elantra,0.0134679999999999,0.009324,0.011544,185,12.696000000000002
Hyundai,Elantra N,0.017908,0.011692,0.0150959999999999,241,16.192
Hyundai,Elantra N,0.016132,0.011396,0.0139119999999999,223,16.928
Hyundai,Elantra Hybrid Blue,0.0066599999999999,0.006216,0.006512,103,11.040000000000001
Hyundai,IONIQ,0.0063639999999999,0.0060679999999999,0.006216,99,14.168000000000001
Hyundai,IONIQ Blue,0.00592,0.005772,0.00592,94,15.64
Hyundai,Kona,0.01184,0.009768,0.010952,174,13.616
Hyundai,Kona N,0.017464,0.0128759999999999,0.015392,246,13.431999999999999
Hyundai,Kona AWD,0.013024,0.010952,0.0121359999999999,193,9.016000000000002
Hyundai,Kona AWD,0.01258,0.010656,0.011692,187,13.616
Hyundai,Palisade AWD,0.018204,0.014208,0.016428,265,11.224
Hyundai,Santa Cruz AWD,0.017908,0.0127279999999999,0.015688,250,16.192
Hyundai,Santa Fe AWD,0.01628,0.01258,0.014652,233,18.216
Hyundai,Santa Fe AWD,0.015688,0.013764,0.0147999999999999,235,10.645714285714288
Hyundai,Santa Fe Hybrid,0.010508,0.011692,0.010952,176,10.120000000000001
Hyundai,Sonata,0.013024,0.009472,0.011396,183,12.328
Hyundai,Sonata,0.0149479999999999,0.010656,0.013024,208,13.616
Hyundai,Sonata,0.013024,0.009472,0.011396,182,14.194285714285714
Hyundai,Sonata Hybrid,0.007844,0.006808,0.0073999999999999,117,14.536000000000001
Hyundai,Tucson,0.0134679999999999,0.010508,0.0121359999999999,194,14.536000000000001
Hyundai,Tucson AWD,0.014652,0.01184,0.0133199999999999,214,13.248000000000001
Hyundai,Tucson Hybrid,0.009324,0.009768,0.009472,152,13.616
Hyundai,Veloster N,0.0177599999999999,0.0127279999999999,0.0155399999999999,248,12.328
Hyundai,Veloster N,0.015688,0.012284,0.01406,226,8.017142857142858
Hyundai,Venue,0.011692,0.010212,0.0111,176,11.96
Hyundai,Venue,0.0127279999999999,0.010064,0.011544,184,7.622857142857143
Infiniti,Q50 AWD,0.0185,0.0128759999999999,0.015984,254,12.88
Infiniti,Q50 AWD Red Sport,0.0185,0.013764,0.016428,261,13.616
Infiniti,Q60 AWD,0.018204,0.0128759999999999,0.015836,252,11.828571428571427
Infiniti,Q60 AWD Red Sport,0.0185,0.013616,0.01628,259,9.462857142857144
Infiniti,QX50 AWD,0.015984,0.012284,0.0143559999999999,228,18.584
Infiniti,QX55 AWD,0.0155399999999999,0.012284,0.01406,223,13.616
Infiniti,QX60 AWD,0.017612,0.01406,0.015984,253,20.01
Infiniti,QX80 4WD,0.0259,0.018056,0.022348,355,13.8
Jaguar,E-PACE P250,0.01702,0.013616,0.015392,247,10.120000000000001
Jaguar,E-PACE P300,0.016576,0.013616,0.015244,245,11.69714285714286
Jaguar,F-TYPE P450 Convertible,0.0208679999999999,0.0143559999999999,0.017908,286,7.728
Jaguar,F-TYPE P450 Convertible AWD,0.022496,0.014504,0.018796,299,7.728
Jaguar,F-TYPE P450 Coupe,0.0208679999999999,0.0143559999999999,0.017908,286,13.616
Jaguar,F-TYPE P450 Coupe AWD,0.022496,0.014504,0.018796,299,13.8
Jaguar,F-TYPE R Convertible AWD,0.022496,0.014504,0.018796,299,18.86
Jaguar,F-TYPE R Coupe AWD,0.022496,0.014504,0.018796,299,13.616
Jeep,Cherokee,0.015392,0.011248,0.0134679999999999,214,13.616
Jeep,Cherokee,0.015984,0.0111,0.013764,219,13.616
Jeep,Cherokee,0.017612,0.0121359999999999,0.0150959999999999,240,14.536000000000001
Jeep,Cherokee 4X4 Active Drive I,0.016576,0.01184,0.014504,229,12.88
Jeep,Cherokee 4X4 Active Drive I,0.016576,0.01184,0.014504,230,19.136000000000003
Jeep,Cherokee 4X4 Active Drive I,0.018056,0.0127279999999999,0.015688,249,15.456
Jeep,Cherokee 4X4 Active Drive Lock,0.019092,0.0143559999999999,0.01702,268,12.328
Jeep,Compass,0.015688,0.011248,0.013764,218,13.616
Jeep,Compass 4X4,0.015984,0.011544,0.01406,222,9.857142857142858
Jeep,Gladiator 4X4 EcoDiesel,0.015984,0.01258,0.014504,263,8.832
Jeep,Gladiator 4X4 Rubicon EcoDiesel,0.01628,0.0128759999999999,0.0147999999999999,271,13.616
Jeep,Gladiator 4X4,0.0202759999999999,0.015836,0.018204,290,10.488000000000001
Jeep,Gladiator 4X4,0.021164,0.015392,0.018648,296,12.144000000000002
Jeep,Grand Cherokee 4X4,0.018204,0.013616,0.016132,256,12.328
Jeep,Grand Cherokee 4X4,0.0247159999999999,0.016132,0.0208679999999999,331,17.48
Jeep,Grand Cherokee L 4X4,0.01924,0.0139119999999999,0.016724,266,10.304
Jeep,Grand Cherokee L 4X4,0.0247159999999999,0.016132,0.0208679999999999,331,15.272
Jeep,Grand Cherokee WK 4X4,0.018796,0.014208,0.016724,265,14.904000000000002
Jeep,Grand Wagoneer 4X4,0.027528,0.018944,0.02368,374,13.616
Jeep,Renegade,0.014504,0.010952,0.0128759999999999,204,39.56
Jeep,Renegade 4X4,0.0149479999999999,0.011988,0.013616,222,14.904000000000002
Jeep,Renegade 4X4 Trailhawk,0.015984,0.0128759999999999,0.014652,231,13.064000000000002
Jeep,Wagoneer 4X4,0.023088,0.0173159999999999,0.020424,323,27.6
Jeep,Wrangler JL 4X4,0.015836,0.014504,0.015244,241,12.512
Jeep,Wrangler JL 4X4,0.018944,0.015392,0.017464,274,18.584
Jeep,Wrangler JL 4X4 eTorque,0.0177599999999999,0.014504,0.01628,258,10.925
Jeep,Wrangler JL 4X4,0.0202759999999999,0.014208,0.017464,277,10.925
Jeep,Wrangler JL Unlimited 4X4,0.01702,0.014652,0.015984,251,15.824000000000002
Jeep,Wrangler JL Unlimited 4X4 EcoDiesel,0.015688,0.011988,0.01406,255,15.64
Jeep,Wrangler JL Unlimited 4X4 Rubicon EcoDiesel,0.016576,0.0133199999999999,0.0150959999999999,275,12.512
Jeep,Wrangler JL Unlimited 4X4,0.019092,0.0150959999999999,0.0173159999999999,275,14.168000000000001
Jeep,Wrangler JL Unlimited 4X4 eTorque,0.018204,0.014652,0.016576,262,8.855
Jeep,Wrangler JL Unlimited 4X4,0.020424,0.0149479999999999,0.018056,285,13.616
Jeep,Wrangler JL Unlimited 4X4,0.0273799999999999,0.0208679999999999,0.02442,387,14.168000000000001
Kia,Carnival,0.0177599999999999,0.013172,0.015688,252,11.776
Kia,Forte,0.0128759999999999,0.009768,0.011544,184,39.56
Kia,Forte,0.011692,0.008732,0.01036,165,21.39
Kia,Forte,0.013024,0.009028,0.011248,178,13.616
Kia,Forte 5,0.013172,0.010212,0.01184,190,9.936
Kia,Forte 5,0.01184,0.0088799999999999,0.010508,169,12.512
Kia,K5,0.014652,0.010804,0.0128759999999999,207,14.168000000000001
Kia,K5 AWD,0.013616,0.01036,0.0121359999999999,195,17.112000000000002
Kia,Niro,0.006512,0.007252,0.006808,110,13.616
Kia,Niro FE,0.006512,0.007252,0.006808,110,19.136000000000003
Kia,Niro Touring,0.0073999999999999,0.008288,0.007844,124,12.328
Kia,Rio,0.010656,0.0088799999999999,0.009916,159,13.616
Kia,Rio,0.011396,0.009028,0.01036,166,9.384
Kia,Seltos,0.0121359999999999,0.010508,0.011396,182,13.616
Kia,Seltos AWD,0.0139119999999999,0.011692,0.0128759999999999,205,13.34
Kia,Seltos AWD,0.013024,0.011248,0.0121359999999999,195,15.272
Kia,Sorento AWD,0.016132,0.0128759999999999,0.014652,234,10.488000000000001
Kia,Sorento AWD,0.0149479999999999,0.013616,0.0143559999999999,227,14.904000000000002
Kia,Sorento Hybrid AWD,0.009472,0.01036,0.009768,157,13.8
Kia,Soul,0.01258,0.01036,0.011692,187,11.592
Kia,Sportage,0.0149479999999999,0.011248,0.0133199999999999,214,12.88
Kia,Sportage AWD,0.017908,0.014208,0.01628,261,31.740000000000002
Kia,Sportage AWD,0.015984,0.0134679999999999,0.0147999999999999,238,19.09
Kia,Stinger AWD,0.0202759999999999,0.014208,0.017612,280,13.616
Kia,Telluride AWD,0.018796,0.0143559999999999,0.016724,266,17.664
Lamborghini,Aventador Countach,0.03922,0.021608,0.031376,489,14.325714285714286
Lamborghini,Aventador Coupe,0.039664,0.022348,0.03182,498,15.272
Lamborghini,Aventador Roadster,0.039664,0.022348,0.03182,498,16.928
Lamborghini,Huracan evo Coupe,0.0266399999999999,0.019092,0.023236,371,15.64
Lamborghini,Huracan evo Coupe AWD,0.0266399999999999,0.019092,0.023236,370,13.431999999999999
Lamborghini,Huracan evo Spyder,0.0266399999999999,0.019092,0.023236,371,16.376
Lamborghini,Huracan evo Spyder AWD,0.0266399999999999,0.019092,0.023236,370,13.616
Lamborghini,Urus,0.028416,0.0208679999999999,0.0250119999999999,384,17.48
Land Rover,Defender 90 P300,0.019536,0.016724,0.018204,289,9.936
Land Rover,Defender 90 P400,0.01998,0.015984,0.018204,287,36.800000000000004
Land Rover,Defender 90 5.0L V8,0.023384,0.018352,0.021164,339,18.216
Land Rover,Defender 110 P300,0.021016,0.0173159999999999,0.01924,306,13.984
Land Rover,Defender 110 P400,0.01998,0.015984,0.018204,287,18.216
Land Rover,Defender 110 5.0L V8,0.0242719999999999,0.018796,0.0217559999999999,350,13.616
Land Rover,Discovery P300,0.018056,0.015688,0.01702,271,36.800000000000004
Land Rover,Discovery P360,0.018944,0.014504,0.016872,270,11.040000000000001
Land Rover,Range Rover P360,0.019684,0.0150959999999999,0.017612,279,14.536000000000001
Land Rover,Range Rover P400,0.019684,0.0150959999999999,0.017612,279,17.664
Land Rover,Range Rover P525,0.021312,0.016724,0.01924,305,13.248000000000001
Land Rover,Range Rover P525 LWB,0.021312,0.016724,0.01924,305,14.168000000000001
Land Rover,Range Rover SVAutobiography,0.025308,0.018648,0.022348,354,12.696000000000002
Land Rover,Range Rover SVAutobiography LWB,0.0264919999999999,0.018796,0.02294,365,12.696000000000002
Land Rover,Range Rover Sport P360,0.018796,0.014652,0.016872,269,7.728
Land Rover,Range Rover Sport HST P400,0.018796,0.014652,0.016872,269,26.986666666666668
Land Rover,Range Rover Sport P525,0.0208679999999999,0.015836,0.018648,294,13.616
Land Rover,Range Rover Sport P575 SVR,0.023976,0.0177599999999999,0.021164,336,12.696000000000002
Lexus,ES 250 AWD,0.01406,0.01036,0.012432,195,13.616
Lexus,ES 300h,0.00814,0.007696,0.007844,124,37.72
Lexus,ES 350,0.015836,0.010804,0.013616,214,12.144000000000002
Lexus,ES 350 F SPORT,0.016132,0.0111,0.0139119999999999,219,14.904000000000002
Lexus,GX 460,0.023976,0.018204,0.02146,337,16.008000000000003
Lexus,IS 300,0.01628,0.011248,0.01406,221,11.224
Lexus,IS 300 AWD,0.018056,0.0133199999999999,0.015984,253,12.512
Lexus,IS 350 AWD,0.018056,0.0133199999999999,0.015984,253,9.936
Lexus,IS 500,0.0208679999999999,0.013764,0.017612,280,13.616
Lexus,LC 500,0.022348,0.014208,0.018648,294,13.431999999999999
Lexus,LC 500 Convertible,0.02368,0.01406,0.01924,304,39.1
Lexus,LC 500h,0.0133199999999999,0.010508,0.011988,189,12.09142857142857
Lexus,LS 500 AWD,0.020424,0.0128759999999999,0.016576,270,13.616
Lexus,LS 500h AWD,0.0149479999999999,0.011988,0.013616,216,11.224
Lexus,LX 600,0.021016,0.015984,0.018796,298,16.744
Lexus,NX 250 AWD,0.0139119999999999,0.010952,0.012432,198,9.752
Lexus,NX 350 AWD,0.0155399999999999,0.012284,0.01406,221,16.008000000000003
Lexus,NX 350 AWD F SPORT,0.0155399999999999,0.012432,0.01406,222,12.144000000000002
Lexus,NX 350h AWD,0.008436,0.009472,0.0088799999999999,140,20.240000000000002
Lexus,RC 300 AWD,0.018056,0.0133199999999999,0.015984,253,8.97
Lexus,RC 350 AWD,0.018056,0.0133199999999999,0.015984,253,10.672
Lexus,RC F,0.021312,0.014208,0.018056,285,14.030000000000001
Lexus,RX 350 AWD,0.018056,0.0133199999999999,0.015984,252,13.431999999999999
Lexus,RX 350 L AWD,0.019388,0.0139119999999999,0.016428,268,16.192
Lexus,RX 450h AWD,0.0111,0.012432,0.011692,185,17.112000000000002
Lexus,RX 450h L AWD,0.011988,0.012432,0.011988,190,9.2
Lexus,UX 200,0.01184,0.009324,0.010656,168,9.2
Lexus,UX 250h AWD,0.008436,0.009176,0.0088799999999999,140,13.616
Lincoln,Aviator AWD,0.0202759999999999,0.0143559999999999,0.017612,280,10.488000000000001
Lincoln,Corsair AWD,0.016428,0.011988,0.014504,229,14.536000000000001
Lincoln,Corsair AWD,0.016576,0.012284,0.014652,232,11.408
Lincoln,Nautilus AWD,0.017464,0.0139119999999999,0.015836,252,11.040000000000001
Lincoln,Nautilus AWD,0.017464,0.0139119999999999,0.015836,251,13.8
Lincoln,Nautilus AWD,0.018648,0.013764,0.016576,262,13.616
Lincoln,Navigator 4X4,0.022496,0.015984,0.019536,311,14.168000000000001
Maserati,Ghibli GT,0.019832,0.0139119999999999,0.017168,271,13.616
Maserati,Ghibli Modena,0.019832,0.0139119999999999,0.017168,271,11.040000000000001
Maserati,Ghibli Modena AWD,0.021904,0.014504,0.018648,293,8.464
Maserati,Ghibli Trofeo,0.0257519999999999,0.017612,0.022052,348,11.73
Maserati,Levante GT,0.022348,0.016132,0.019536,308,14.904000000000002
Maserati,Levante Modena,0.022348,0.016132,0.019536,308,17.848000000000003
Maserati,Levante Modena V8,0.0257519999999999,0.0177599999999999,0.0222,349,15.272
Maserati,Levante Trofeo,0.0257519999999999,0.0177599999999999,0.0222,349,13.616
Maserati,MC20,0.022792,0.01406,0.018944,295,12.144000000000002
Maserati,Quattroporte GT,0.021312,0.013764,0.017908,281,11.592
Maserati,Quattroporte Modena,0.021312,0.013764,0.017908,281,16.376
Maserati,Quattroporte Modena AWD,0.021904,0.014504,0.018648,293,12.696000000000002
Maserati,Quattroporte Trofeo,0.0257519999999999,0.017612,0.022052,348,13.616
Mazda,CX-3,0.012284,0.010212,0.011396,179,7.728
Mazda,CX-3 (SIL),0.013024,0.01036,0.01184,186,8.832
Mazda,CX-3 4WD,0.0127279999999999,0.010952,0.011988,189,11.040000000000001
Mazda,CX-30 4WD,0.0139119999999999,0.011396,0.0127279999999999,202,13.616
Mazda,CX-30 4WD,0.014652,0.011396,0.013172,208,13.616
Mazda,CX-30 Turbo 4WD,0.0155399999999999,0.011692,0.013764,220,15.824000000000002
Mazda,CX-5 4WD,0.0150959999999999,0.0121359999999999,0.013764,216,16.192
Mazda,CX-5 4WD (Cylinder Deactivation),0.014652,0.011692,0.0133199999999999,209,13.616
Mazda,CX-5 Turbo 4WD,0.015984,0.0128759999999999,0.014504,230,13.431999999999999
Mazda,CX-9 4WD,0.017168,0.0133199999999999,0.015392,243,13.431999999999999
Mazda,Mazda3 4-Door,0.012432,0.009768,0.011248,178,18.768
Mazda,Mazda3 4-Door (SIL),0.0128759999999999,0.009472,0.011396,180,13.248000000000001
Mazda,Mazda3 4-Door,0.013172,0.00962,0.011544,183,13.616
Mazda,Mazda3 4-Door 4WD,0.01406,0.010656,0.01258,199,9.752
Mazda,Mazda3 4-Door Turbo 4WD,0.0149479999999999,0.010804,0.013024,207,39.56
Mazda,Mazda3 5-Door,0.0127279999999999,0.009916,0.011396,181,12.144000000000002
Mazda,Mazda3 5-Door (SIL),0.0128759999999999,0.009768,0.011544,181,18.768
Mazda,Mazda3 5-Door,0.0134679999999999,0.010064,0.011988,190,40.02
Mazda,Mazda3 5-Door (SIL),0.014208,0.010508,0.012432,198,10.35
Mazda,Mazda3 5-Door 4WD,0.01406,0.010952,0.0127279999999999,200,14.352
Mazda,Mazda3 5-Door Turbo 4WD,0.0149479999999999,0.0111,0.013172,209,11.040000000000001
Mazda,MX-5,0.0133199999999999,0.009768,0.011692,186,10.304
Mazda,MX-5 (SIL),0.0133199999999999,0.01036,0.011988,189,14.536000000000001
Mercedes-Benz,A 220 4MATIC Sedan,0.01406,0.010064,0.012284,194,13.8
Mercedes-Benz,A 250 4MATIC Hatch,0.0147999999999999,0.01036,0.0128759999999999,202,16.56
Mercedes-Benz,AMG A 35 4MATIC Sedan,0.015984,0.011692,0.01406,221,15.64
Mercedes-Benz,AMG A 35 4MATIC Hatch,0.015984,0.011544,0.0139119999999999,221,7.728
Mercedes-Benz,AMG C 43 4MATIC Cabriolet,0.018796,0.0128759999999999,0.016132,256,16.376
Mercedes-Benz,AMG C 43 4MATIC Coupe,0.018648,0.01258,0.015984,252,11.96
Mercedes-Benz,AMG CLA 35 4MATIC Coupe,0.01628,0.0121359999999999,0.0143559999999999,227,15.64
Mercedes-Benz,AMG CLA 45 4MATIC Coupe,0.0177599999999999,0.01258,0.015392,243,9.462857142857144
Mercedes-Benz,AMG CLS 53 4MATIC+ Coupe,0.017168,0.013024,0.015244,241,11.040000000000001
Mercedes-Benz,AMG E 53 4MATIC+ Sedan,0.016724,0.012284,0.014652,232,15.088
Mercedes-Benz,AMG E 53 4MATIC+ Cabriolet,0.0177599999999999,0.013172,0.015688,247,13.984
Mercedes-Benz,AMG E 53 4MATIC+ Coupe,0.0173159999999999,0.012432,0.0150959999999999,239,12.88
Mercedes-Benz,AMG GLA 35 4MATIC SUV,0.01628,0.012432,0.014504,230,15.272
Mercedes-Benz,AMG GLA 45 4MATIC SUV,0.018204,0.014208,0.016428,260,11.592
Mercedes-Benz,AMG GLB 35 4MATIC SUV,0.018796,0.0139119999999999,0.016576,262,13.405714285714286
Mercedes-Benz,AMG GLC 43 4MATIC SUV,0.019092,0.013764,0.016724,264,11.776
Mercedes-Benz,AMG GLC 43 4MATIC Coupe,0.02072,0.0149479999999999,0.018204,287,9.752
Mercedes-Benz,AMG GLE 53 4MATIC+ SUV,0.019832,0.015688,0.017908,283,11.040000000000001
Mercedes-Benz,AMG GLE 53 4MATIC+ Coupe,0.020128,0.016428,0.0185,292,12.144000000000002
Mercedes-Benz,AMG GT 53 4MATIC+ Coupe,0.018204,0.0139119999999999,0.01628,258,10.645714285714288
Mercedes-Benz,C 300 4MATIC Cabriolet,0.01628,0.01184,0.014208,224,8.648
Mercedes-Benz,C 300 4MATIC Coupe,0.015836,0.0111,0.013764,217,15.64
Mercedes-Benz,CLA 250 4MATIC Coupe,0.014504,0.01036,0.0127279999999999,200,13.984
Mercedes-Benz,CLS 450 4MATIC Coupe,0.016428,0.0121359999999999,0.014504,229,11.96
Mercedes-Benz,E 350 4MATIC Sedan,0.016576,0.0121359999999999,0.014504,229,9.594285714285714
Mercedes-Benz,E 450 4MATIC Sedan,0.0155399999999999,0.011692,0.013764,218,14.352
Mercedes-Benz,E 450 4MATIC Cabriolet,0.016576,0.012432,0.014652,233,13.616
Mercedes-Benz,E 450 4MATIC Coupe,0.01628,0.01184,0.014208,225,11.408
Mercedes-Benz,E 450 4MATIC All-Terrain Wagon,0.01628,0.012284,0.014504,229,13.616
Mercedes-Benz,GLA 250 4MATIC SUV,0.015244,0.010804,0.0133199999999999,210,15.64
Mercedes-Benz,GLB 250 4MATIC SUV,0.016132,0.011692,0.01406,224,13.616
Mercedes-Benz,GLC 300 4MATIC SUV,0.01702,0.0134679999999999,0.015392,242,9.568000000000001
Mercedes-Benz,GLC 300 4MATIC Coupe,0.01702,0.01258,0.0149479999999999,237,13.616
Mercedes-Benz,GLE 350 4MATIC SUV,0.017908,0.013172,0.015836,250,37.72
Mercedes-Benz,GLE 450 4MATIC SUV,0.016872,0.013764,0.015392,244,13.616
Mercedes-Benz,GLE 450 4MATIC Coupe,0.0173159999999999,0.013616,0.0155399999999999,247,16.376
Mercedes-Benz,GLS 450 4MATIC SUV,0.018944,0.0147999999999999,0.01702,269,16.376
Mercedes-Benz,Maybach S 580 4MATIC Sedan,0.022496,0.014652,0.019092,301,15.088
Mercedes-Benz,Metris Cargo Van,0.018648,0.0149479999999999,0.01702,267,13.616
Mercedes-Benz,Metris Cargo Van LWB,0.018648,0.0149479999999999,0.01702,267,7.622857142857143
Mercedes-Benz,Metris Passenger Van,0.019684,0.015688,0.017908,282,10.856
Mercedes-Benz,S 500 4MATIC SWB Sedan,0.016872,0.01184,0.014652,231,10.777142857142858
Mercedes-Benz,S 580 4MATIC LWB Sedan,0.021164,0.01406,0.018056,285,10.304
MINI,Cooper 3 Door,0.0121359999999999,0.009176,0.010804,170,31.28
MINI,Cooper 3 Door,0.0128759999999999,0.009324,0.011248,177,11.040000000000001
MINI,Cooper 5 Door,0.0121359999999999,0.009176,0.010804,170,14.904000000000002
MINI,Cooper 5 Door,0.0128759999999999,0.009324,0.011248,177,12.88
MINI,Cooper Convertible,0.0121359999999999,0.009176,0.010804,170,34.34666666666667
MINI,Cooper Convertible,0.0128759999999999,0.009324,0.011248,177,10.120000000000001
MINI,Cooper Countryman ALL4,0.0150959999999999,0.011396,0.0134679999999999,211,17.48
MINI,Cooper S 3 Door,0.01258,0.009176,0.0111,174,14.904000000000002
MINI,Cooper S 3 Door,0.0155399999999999,0.010804,0.0134679999999999,211,24.533333333333335
MINI,Cooper S 5 Door,0.01258,0.009176,0.0111,174,17.112000000000002
MINI,Cooper S 5 Door,0.0155399999999999,0.010804,0.0134679999999999,211,18.4
MINI,Cooper S Clubman ALL4,0.0150959999999999,0.010952,0.013172,207,15.64
MINI,Cooper S Convertible,0.013024,0.00962,0.011544,182,20.470000000000002
MINI,Cooper S Convertible,0.0149479999999999,0.010508,0.013024,205,10.120000000000001
MINI,Cooper S Countryman ALL4,0.015392,0.0111,0.0134679999999999,212,13.616
MINI,John Cooper Works 3 Door,0.013764,0.010212,0.0121359999999999,191,13.537142857142857
MINI,John Cooper Works 3 Door,0.0155399999999999,0.010804,0.0134679999999999,211,16.744
MINI,John Cooper Works Clubman ALL4,0.0149479999999999,0.011248,0.0133199999999999,210,16.008000000000003
MINI,John Cooper Works Convertible,0.014208,0.010656,0.01258,198,13.616
MINI,John Cooper Works Countryman ALL4,0.015392,0.011544,0.013616,210,14.566666666666668
Mitsubishi,Eclipse Cross 4WD,0.014208,0.013172,0.013764,216,14.904000000000002
Mitsubishi,Mirage,0.009768,0.008288,0.009176,143,14.352
Mitsubishi,Mirage,0.010508,0.008584,0.00962,151,15.64
Mitsubishi,Outlander 4WD,0.0143559999999999,0.011692,0.013172,208,13.984
Mitsubishi,RVR,0.0143559999999999,0.011544,0.013024,206,10.672
Mitsubishi,RVR 4WD,0.0149479999999999,0.0121359999999999,0.013616,213,11.592
Mitsubishi,RVR 4WD,0.015244,0.012284,0.0139119999999999,218,10.672
Nissan,Altima AWD,0.0134679999999999,0.00962,0.011692,186,10.856
Nissan,Altima AWD SR/Platinum,0.013764,0.009916,0.011988,190,13.616
Nissan,Armada 4WD,0.0259,0.019092,0.022792,362,12.144000000000002
Nissan,Frontier,0.018944,0.01406,0.016724,266,12.328
Nissan,Frontier 4WD,0.0202759999999999,0.015688,0.018204,288,12.328
Nissan,Kicks,0.011396,0.009768,0.010656,169,10.35
Nissan,Maxima,0.017168,0.011692,0.014652,233,13.616
Nissan,Murano AWD,0.0177599999999999,0.01258,0.015392,245,16.56
Nissan,Pathfinder 4WD,0.017168,0.013616,0.0155399999999999,246,16.192
Nissan,Qashqai,0.0127279999999999,0.010804,0.01184,188,10.672
Nissan,Qashqai,0.0147999999999999,0.011692,0.0134679999999999,213,15.088
Nissan,Qashqai AWD,0.0133199999999999,0.0111,0.012284,196,11.040000000000001
Nissan,Rogue,0.011544,0.00962,0.010656,169,16.928
Nissan,Rogue,0.0133199999999999,0.010508,0.011988,190,10.672
Nissan,Rogue AWD,0.012432,0.009916,0.011248,179,13.616
Nissan,Rogue AWD SL/Platinum,0.012432,0.010064,0.011396,181,12.144000000000002
Nissan,Rogue AWD,0.013616,0.010656,0.012284,195,12.512
Nissan,Sentra,0.01184,0.0088799999999999,0.010508,167,13.616
Nissan,Sentra SR,0.0121359999999999,0.009028,0.010804,171,11.224
Nissan,Sentra,0.013616,0.009176,0.011692,185,37.260000000000005
Nissan,Sentra SR,0.0139119999999999,0.009472,0.011988,189,13.8
Nissan,Versa,0.010952,0.008732,0.009916,158,13.431999999999999
Nissan,Versa,0.0127279999999999,0.009916,0.011396,181,13.616
Porsche,718 Boxster,0.01628,0.0128759999999999,0.0147999999999999,233,7.728
Porsche,718 Boxster,0.0173159999999999,0.013172,0.0155399999999999,245,10.645714285714288
Porsche,718 Boxster T,0.016576,0.0128759999999999,0.0149479999999999,236,13.248000000000001
Porsche,718 Boxster T,0.0173159999999999,0.013172,0.0155399999999999,245,11.592
Porsche,718 Boxster S,0.018056,0.013616,0.016132,255,13.8
Porsche,718 Boxster S,0.0185,0.014208,0.016576,263,11.224
Porsche,718 Boxster GTS 4.0,0.018204,0.014504,0.016428,260,13.616
Porsche,718 Boxster GTS 4.0,0.02072,0.0147999999999999,0.018056,284,13.616
Porsche,718 Cayman,0.01628,0.0128759999999999,0.0147999999999999,233,15.41
Porsche,718 Cayman,0.0173159999999999,0.013172,0.0155399999999999,245,12.328
Porsche,718 Cayman T,0.016576,0.0128759999999999,0.0149479999999999,236,9.936
Porsche,718 Cayman T,0.0173159999999999,0.013172,0.0155399999999999,245,13.616
Porsche,718 Cayman S,0.018056,0.013616,0.016132,255,13.616
Porsche,718 Cayman S,0.0185,0.014208,0.016576,263,18.4
Porsche,718 Cayman GT4,0.01924,0.014652,0.017168,271,10.856
Porsche,718 Cayman GT4,0.02072,0.0149479999999999,0.018056,286,8.28
Porsche,718 Cayman GTS 4.0,0.018204,0.014504,0.016428,260,13.616
Porsche,718 Cayman GTS 4.0,0.02072,0.0147999999999999,0.018056,284,13.616
Porsche,718 Spyder,0.01924,0.014652,0.017168,271,9.936
Porsche,718 Spyder,0.02072,0.0149479999999999,0.018056,286,13.616
Porsche,911 Carrera,0.019388,0.014504,0.017168,275,13.616
Porsche,911 Carrera Cabriolet,0.019388,0.014504,0.017168,275,13.616
Porsche,911 Carrera 4,0.019388,0.014504,0.017168,275,13.984
Porsche,911 Carrera 4 Cabriolet,0.019388,0.0143559999999999,0.017168,275,16.376
Porsche,911 Carrera S,0.019092,0.0150959999999999,0.0173159999999999,274,7.728
Porsche,911 Carrera S,0.018944,0.0139119999999999,0.016724,264,10.856
Porsche,911 Carrera S Cabriolet,0.019092,0.0150959999999999,0.0173159999999999,273,14.904000000000002
Porsche,911 Carrera S Cabriolet,0.020424,0.0139119999999999,0.017464,275,11.96
Porsche,911 Carrera 4S,0.01924,0.0150959999999999,0.017464,275,16.928
Porsche,911 Carrera 4S,0.020424,0.013764,0.017464,275,15.64
Porsche,911 Carrera 4S Cabriolet,0.018944,0.0150959999999999,0.0173159999999999,273,13.984
Porsche,911 Carrera 4S Cabriolet,0.020424,0.014504,0.0177599999999999,281,14.72
Porsche,911 Carrera GTS,0.020424,0.0149479999999999,0.017908,289,15.272
Porsche,911 Carrera GTS,0.01998,0.014504,0.017612,276,17.664
Porsche,911 Carrera GTS Cabriolet,0.020424,0.0150959999999999,0.018056,289,12.144000000000002
Porsche,911 Carrera GTS Cabriolet,0.020424,0.014208,0.017612,278,11.96
Porsche,911 Carrera 4 GTS,0.020424,0.0149479999999999,0.017908,288,15.64
Porsche,911 Carrera 4 GTS,0.020424,0.0150959999999999,0.018056,289,13.616
Porsche,911 Carrera 4 GTS Cabriolet,0.0202759999999999,0.015836,0.018204,288,14.536000000000001
Porsche,911 Carrera 4 GTS Cabriolet,0.0217559999999999,0.0150959999999999,0.018796,296,12.88
Porsche,911 GT3,0.023088,0.018796,0.021164,334,13.984
Porsche,911 GT3,0.02516,0.019388,0.022496,355,8.096
Porsche,911 GT3 Touring,0.023236,0.018796,0.021312,335,16.1
Porsche,911 GT3 Touring,0.0250119999999999,0.019388,0.022496,354,13.8
Porsche,911 Targa 4,0.019388,0.014504,0.017168,275,8.648
Porsche,911 Targa 4S,0.019388,0.0150959999999999,0.017464,274,12.696000000000002
Porsche,911 Targa 4S,0.0202759999999999,0.014504,0.017612,278,11.040000000000001
Porsche,911 Targa 4 GTS,0.020128,0.015836,0.018204,287,12.328
Porsche,911 Targa 4 GTS,0.0217559999999999,0.0150959999999999,0.018796,296,13.431999999999999
Porsche,911 Turbo,0.022496,0.017612,0.0202759999999999,321,11.776
Porsche,911 Turbo Cabriolet,0.023088,0.017464,0.020572,324,15.272
Porsche,911 Turbo S,0.022644,0.017464,0.0202759999999999,321,19.136000000000003
Porsche,911 Turbo S Cabriolet,0.02368,0.017464,0.0208679999999999,328,26.986666666666668
Porsche,Cayenne,0.020424,0.015836,0.018352,289,13.984
Porsche,Cayenne Coupe,0.020424,0.015836,0.018352,289,15.41
Porsche,Cayenne S,0.0217559999999999,0.015688,0.019092,307,14.72
Porsche,Cayenne S Coupe,0.021312,0.016576,0.01924,305,16.744
Porsche,Cayenne GTS,0.023384,0.018204,0.021016,331,10.856
Porsche,Cayenne GTS Coupe,0.022496,0.018352,0.02072,326,15.272
Porsche,Cayenne Turbo,0.024864,0.018352,0.021904,343,13.616
Porsche,Cayenne Turbo Coupe,0.023532,0.0177599999999999,0.0208679999999999,330,7.544
Porsche,Cayenne Turbo GT,0.024864,0.018352,0.021904,345,16.928
Porsche,Macan,0.018352,0.013764,0.01628,263,10.304
Porsche,Macan S,0.020424,0.0149479999999999,0.018056,289,18.768
Porsche,Macan GTS,0.01998,0.015836,0.018056,290,13.616
Porsche,Panamera,0.019388,0.014504,0.017168,274,11.040000000000001
Porsche,Panamera 4,0.018944,0.014504,0.01702,274,13.616
Porsche,Panamera 4 Executive,0.020424,0.0150959999999999,0.018056,289,11.776
Porsche,Panamera 4 ST,0.018944,0.0150959999999999,0.0173159999999999,274,13.616
Porsche,Panamera 4S,0.018944,0.014504,0.016872,276,7.7542857142857144
Porsche,Panamera 4S Executive,0.020424,0.0150959999999999,0.018056,292,9.936
Porsche,Panamera 4S ST,0.020424,0.0150959999999999,0.018056,292,15.64
Porsche,Panamera GTS,0.023236,0.016576,0.0202759999999999,323,13.616
Porsche,Panamera GTS ST,0.023236,0.017464,0.020572,323,11.73
Porsche,Panamera Turbo S,0.022644,0.016576,0.01998,326,13.616
Porsche,Panamera Turbo S Executive,0.022644,0.016576,0.01998,326,8.832
Porsche,Panamera Turbo S ST,0.022644,0.016576,0.01998,326,19.136000000000003
Ram,1500 EcoDiesel,0.0155399999999999,0.010804,0.0133199999999999,243,11.408
Ram,1500 HFE EcoDiesel,0.015392,0.010508,0.013172,238,18.216
Ram,1500 eTorque,0.017612,0.0139119999999999,0.015984,253,12.696000000000002
Ram,1500 HFE eTorque,0.017168,0.0133199999999999,0.015392,245,13.8
Ram,1500,0.023976,0.0155399999999999,0.020128,320,39.56
Ram,1500 eTorque,0.01924,0.0147999999999999,0.0173159999999999,275,15.088
Ram,1500 4X4 EcoDiesel,0.016428,0.01184,0.0143559999999999,260,16.192
Ram,1500 4X4 eTorque,0.018056,0.0143559999999999,0.016428,260,15.64
Ram,1500 4X4,0.023828,0.01628,0.020424,325,13.616
Ram,1500 4X4 eTorque,0.019832,0.0155399999999999,0.017908,284,8.648
Ram,1500 4X4 TRX,0.033152,0.02442,0.029304,465,13.8
Ram,1500 Classic,0.020572,0.014208,0.017612,280,13.064000000000002
Ram,1500 Classic,0.023532,0.016428,0.0202759999999999,323,18.584
Ram,1500 Classic 4X4,0.02146,0.0150959999999999,0.018648,295,33.58
Ram,1500 Classic 4X4,0.023976,0.017168,0.0208679999999999,330,11.408
Ram,ProMaster City,0.016576,0.012284,0.014652,232,13.616
Rolls-Royce,Cullinan,0.029748,0.017908,0.02442,386,18.032000000000004
Rolls-Royce,Cullinan Black Badge,0.029748,0.017908,0.02442,386,13.616
Rolls-Royce,Ghost,0.0294519999999999,0.018796,0.0247159999999999,387,14.720000000000002
Rolls-Royce,Ghost Black Badge,0.0294519999999999,0.018796,0.0247159999999999,387,13.8
Rolls-Royce,Ghost EWB,0.0294519999999999,0.018796,0.0247159999999999,387,13.616
Rolls-Royce,Phantom,0.0295999999999999,0.017464,0.024124,382,14.168000000000001
Rolls-Royce,Phantom EWB,0.0295999999999999,0.017464,0.024124,382,15.64
Subaru,Ascent AWD,0.0173159999999999,0.0133199999999999,0.0155399999999999,245,13.616
Subaru,BRZ,0.01628,0.011396,0.01406,224,13.8
Subaru,BRZ,0.0177599999999999,0.013024,0.0155399999999999,247,11.828571428571427
Subaru,Crosstrek AWD,0.01258,0.01036,0.011692,184,13.431999999999999
Subaru,Crosstrek AWD,0.0155399999999999,0.011988,0.0139119999999999,220,14.72
Subaru,Crosstrek AWD,0.013024,0.01036,0.01184,188,11.408
Subaru,Forester AWD,0.0133199999999999,0.010656,0.0121359999999999,192,13.984
Subaru,Forester Wilderness AWD,0.01406,0.012284,0.0133199999999999,210,11.592
Subaru,Impreza 4-Door AWD,0.012284,0.009472,0.010952,174,40.02
Subaru,Impreza 4-Door AWD,0.0149479999999999,0.0111,0.0133199999999999,209,14.352
Subaru,Impreza 5-Door AWD,0.012432,0.009768,0.011248,178,15.64
Subaru,Impreza 5-Door AWD,0.0149479999999999,0.011396,0.0133199999999999,211,16.192
Subaru,Legacy AWD,0.014652,0.010804,0.0128759999999999,205,16.376
Subaru,Legacy AWD,0.013024,0.009916,0.011544,184,11.040000000000001
Subaru,Outback AWD,0.0149479999999999,0.011692,0.0134679999999999,213,11.224
Subaru,Outback AWD,0.0133199999999999,0.010508,0.0121359999999999,192,13.616
Subaru,Outback Wilderness AWD,0.016132,0.013172,0.0147999999999999,235,16.008000000000003
Subaru,WRX AWD,0.018796,0.0139119999999999,0.016576,262,11.828571428571427
Subaru,WRX AWD,0.018204,0.0133199999999999,0.015984,254,11.224
Toyota,4Runner 4WD,0.022052,0.018648,0.020424,323,13.616
Toyota,4Runner 4WD (Part-Time 4WD) ,0.021904,0.0185,0.020424,321,15.456
Toyota,C-HR,0.0128759999999999,0.0111,0.0121359999999999,189,10.645714285714288
Toyota,Camry LE/SE,0.01258,0.009028,0.010952,174,13.616
Toyota,Camry XSE,0.0127279999999999,0.009324,0.011248,178,11.592
Toyota,Camry XSE V6,0.015836,0.010952,0.013616,215,10.672
Toyota,Camry TRD,0.015984,0.011248,0.0139119999999999,220,16.376
Toyota,Camry AWD SE,0.0139119999999999,0.010064,0.0121359999999999,192,10.672
Toyota,Camry AWD XSE,0.01406,0.01036,0.012432,195,14.72
Toyota,Camry Hybrid LE,0.007252,0.007104,0.007252,113,50.14
Toyota,Camry Hybrid SE/XLE/XSE,0.007844,0.0073999999999999,0.0075479999999999,121,12.144000000000002
Toyota,Corolla,0.011692,0.009176,0.010508,166,11.73
Toyota,Corolla XLE,0.011988,0.009324,0.010804,170,14.536000000000001
Toyota,Corolla,0.01184,0.0088799999999999,0.010508,165,11.040000000000001
Toyota,Corolla,0.011248,0.008732,0.010064,159,11.040000000000001
Toyota,Corolla XSE,0.011396,0.009028,0.01036,164,15.824000000000002
Toyota,Corolla,0.0121359999999999,0.00962,0.010952,172,13.248000000000001
Toyota,Corolla Apex Edition,0.011396,0.009176,0.01036,164,18.768
Toyota,Corolla Hatchback,0.0111,0.008732,0.010064,159,15.088
Toyota,Corolla Hatchback,0.012432,0.009916,0.011248,179,12.696000000000002
Toyota,Corolla Hybrid,0.006512,0.0066599999999999,0.0066599999999999,106,29.900000000000002
Toyota,Corolla Cross,0.011248,0.01036,0.010804,171,13.8
Toyota,Corolla Cross AWD,0.011988,0.010952,0.011544,182,15.64
Toyota,GR 86,0.016428,0.011396,0.014208,224,13.616
Toyota,GR 86,0.017612,0.0128759999999999,0.0155399999999999,246,10.304
Toyota,GR Supra 2.0,0.013764,0.010656,0.012432,195,15.272
Toyota,GR Supra 3.0,0.015688,0.01184,0.0139119999999999,218,14.720000000000002
Toyota,Highlander AWD,0.017464,0.0127279999999999,0.015244,241,13.064000000000002
Toyota,Highlander Hybrid AWD,0.009916,0.010064,0.009916,158,15.272
Toyota,Highlander Hybrid AWD Limited/Platinum,0.009768,0.010064,0.009916,156,13.616
Toyota,Prius,0.006512,0.0069559999999999,0.0066599999999999,106,10.488000000000001
Toyota,Prius AWD,0.006808,0.0073999999999999,0.007104,111,12.88
Toyota,RAV4,0.013024,0.010064,0.011692,184,12.512
Toyota,RAV4 (Stop/Start),0.01258,0.010064,0.011396,180,13.405714285714286
Toyota,RAV4 AWD,0.01406,0.010508,0.012432,198,10.35
Toyota,RAV4 AWD (Stop/Start),0.013024,0.010508,0.01184,187,13.616
Toyota,RAV4 AWD LE,0.0128759999999999,0.010212,0.011692,184,14.536000000000001
Toyota,RAV4 AWD TRD Off-Road,0.01406,0.010952,0.01258,200,9.2
Toyota,RAV4 Hybrid AWD,0.008584,0.009324,0.0088799999999999,140,13.616
Toyota,Sequoia 4WD,0.0273799999999999,0.020572,0.0242719999999999,385,13.8
Toyota,Sienna,0.009768,0.00962,0.009768,154,27.906666666666666
Toyota,Sienna AWD,0.010064,0.009768,0.009916,158,13.616
Toyota,Tacoma 4WD,0.01924,0.0155399999999999,0.017464,278,9.200000000000001
Toyota,Tacoma 4WD,0.020424,0.016872,0.018796,299,13.616
Toyota,Tacoma 4WD D-Cab TRD Off-Road/PRO,0.020424,0.0173159999999999,0.019092,300,13.616
Toyota,Tundra,0.019388,0.0149479999999999,0.017464,277,18.768
Toyota,Tundra 4WD,0.020128,0.015392,0.018056,285,8.937142857142858
Toyota,Tundra 4WD TRD,0.01998,0.015688,0.018056,286,17.112000000000002
Toyota,Tundra Hybrid 4WD,0.018796,0.0155399999999999,0.0173159999999999,274,12.88
Toyota,Tundra Hybrid 4WD TRD PRO,0.0185,0.016576,0.017612,277,14.536000000000001
Toyota,Venza AWD,0.008732,0.009472,0.009028,142,10.488000000000001
Volkswagen,Atlas 4MOTION,0.01702,0.01406,0.015688,249,11.776
Volkswagen,Atlas 4MOTION,0.020424,0.0150959999999999,0.018056,286,13.616
Volkswagen,Atlas Cross Sport 4MOTION,0.017168,0.0143559999999999,0.015836,252,11.224
Volkswagen,Atlas Cross Sport 4MOTION,0.019388,0.0147999999999999,0.0173159999999999,275,7.728
Volkswagen,Golf GTI,0.013764,0.01036,0.012284,194,13.616
Volkswagen,Golf GTI,0.014504,0.010212,0.01258,198,12.535
Volkswagen,Golf R,0.015244,0.011396,0.0134679999999999,213,20.608
Volkswagen,Golf R,0.017464,0.012284,0.0150959999999999,237,15.64
Volkswagen,Jetta,0.011396,0.008436,0.010064,159,9.016000000000002
Volkswagen,Jetta SE/SEL,0.011988,0.008584,0.010508,167,12.42
Volkswagen,Jetta,0.01184,0.00814,0.010212,161,9.384
Volkswagen,Jetta GLI,0.0133199999999999,0.00962,0.011692,185,14.168000000000001
Volkswagen,Jetta GLI,0.0134679999999999,0.009472,0.011692,186,10.304
Volkswagen,Passat,0.0143559999999999,0.009768,0.012284,196,12.696000000000002
Volkswagen,Taos,0.012432,0.009768,0.011248,178,11.408
Volkswagen,Taos 4MOTION,0.01406,0.010952,0.01258,200,13.616
Volkswagen,Tiguan 4MOTION,0.015688,0.01184,0.0139119999999999,222,10.856
Volkswagen,Tiguan R-Line 4MOTION,0.01628,0.012284,0.014504,229,11.776
Volvo,S60 B5,0.0133199999999999,0.009916,0.01184,186,18.032000000000004
Volvo,S60 B5 AWD,0.0139119999999999,0.010212,0.012284,193,12.144000000000002
Volvo,S90 B6 AWD,0.015392,0.0111,0.0134679999999999,212,14.904000000000002
Volvo,V60 T6 AWD,0.016724,0.0111,0.014208,224,15.824000000000002
Volvo,V60 CC T5 AWD,0.016132,0.011396,0.01406,221,12.512
Volvo,V90 CC B6 AWD,0.015688,0.011988,0.01406,222,11.408
Volvo,XC40 T4 AWD,0.015836,0.011248,0.013764,217,26.986666666666668
Volvo,XC40 T5 AWD,0.015836,0.011396,0.0139119999999999,219,7.728
Volvo,XC60 B5 AWD,0.0155399999999999,0.011988,0.0139119999999999,219,7.885714285714286
Volvo,XC60 B6 AWD,0.01628,0.0128759999999999,0.014652,232,13.616
Volvo,XC90 T5 AWD,0.01702,0.012432,0.0149479999999999,236,13.984
Volvo,XC90 T6 AWD,0.018352,0.013172,0.015984,252,9.384
