Make,Model,City (kg/km/seat),Hwy (kg/km/seat),Comb (kg/km/seat),CO2 Emissions(g/km)
Acura,ILX,0.014652000000000002,0.010360000000000001,0.012727999999999998,200
Acura,MDX SH-AWD,0.018648,0.013911999999999999,0.016576,263
Acura,RDX SH-AWD,0.01628,0.012727999999999998,0.014652000000000002,232
Acura,RDX SH-AWD A-SPEC,0.016724,0.013467999999999999,0.015244000000000002,242
Acura,TLX SH-AWD,0.016576,0.01184,0.014504,230
Acura,TLX SH-AWD A-SPEC,0.016724,0.011988,0.014504,231
Acura,TLX Type S,0.018204,0.013911999999999999,0.01628,256
Acura,TLX Type S (Performance Tire),0.018204,0.014504,0.016576,261
Alfa Romeo,Giulia,0.014799999999999999,0.010656000000000002,0.012875999999999999,205
Alfa Romeo,Giulia AWD,0.015539999999999998,0.011396,0.013616,217
Alfa Romeo,Giulia Quadrifoglio,0.01998,0.013764000000000002,0.017168,271
Alfa Romeo,Stelvio,0.015244000000000002,0.011988,0.013764000000000002,218
Alfa Romeo,Stelvio AWD,0.015984,0.012284,0.014208000000000002,226
Alfa Romeo,Stelvio AWD Quadrifoglio,0.020572,0.015244000000000002,0.018204,288
Aston Martin,DB11 V8,0.01924,0.014504,0.01702,271
Aston Martin,DB11 V12,0.024271999999999995,0.015836,0.020424,324
Aston Martin,DBS V12,0.024271999999999995,0.015836,0.020424,324
Aston Martin,DBX V8,0.024864,0.017612,0.021608,343
Aston Martin,Vantage V8,0.019388,0.014208000000000002,0.01702,270
Audi,A3 Sedan 40 TFSI quattro,0.01258,0.009768,0.011248,178
Audi,A4 Sedan 40 TFSI quattro,0.013467999999999999,0.010360000000000001,0.012135999999999997,190
Audi,A4 Sedan 45 TFSI quattro,0.014504,0.011248,0.013024000000000003,205
Audi,A4 allroad 45 TFSI quattro,0.014504,0.011692,0.013172,208
Audi,A5 Cabriolet 45 TFSI quattro,0.015392,0.0111,0.013467999999999999,214
Audi,A5 Coupe 45 TFSI quattro,0.014504,0.011248,0.013024000000000003,205
Audi,A5 Sportback 45 TFSI quattro,0.014504,0.011248,0.013024000000000003,205
Audi,A6 Sedan 45 TFSI quattro,0.015095999999999998,0.010952000000000002,0.013172,208
Audi,A6 Sedan 55 TFSI quattro,0.016428,0.011544,0.014208000000000002,224
Audi,A6 allroad 55 TFSI quattro,0.01702,0.012284,0.014799999999999999,234
Audi,A7 Sportback 55 TFSI quattro,0.016428,0.011544,0.014208000000000002,224
Audi,A8 L Sedan 55 TFSI quattro,0.018648,0.012284,0.015688,248
Audi,Q3 40 TFSI quattro,0.015392,0.011396,0.013616,215
Audi,Q3 45 TFSI quattro,0.016872,0.012284,0.014799999999999999,233
Audi,Q5 40 TFSI quattro,0.015244000000000002,0.011988,0.013764000000000002,217
Audi,Q5 45 TFSI quattro,0.015244000000000002,0.012432,0.013911999999999999,220
Audi,Q5 Sportback 45 TFSI quattro,0.015244000000000002,0.012432,0.013911999999999999,220
Audi,Q7 45 TFSI quattro,0.017759999999999998,0.013911999999999999,0.015984,252
Audi,Q7 55 TFSI quattro,0.018944,0.015539999999999998,0.017315999999999998,273
Audi,Q8 55 TFSI quattro,0.018944,0.015539999999999998,0.017315999999999998,273
Audi,R8 Coupe Performance,0.024715999999999995,0.015244000000000002,0.020424,322
Audi,R8 Coupe Performance quattro,0.026491999999999998,0.017908,0.022644,356
Audi,R8 Spyder Performance,0.024715999999999995,0.015244000000000002,0.020424,322
Audi,R8 Spyder Performance quattro,0.026491999999999998,0.017908,0.022644,356
Audi,RS 5 Coupe quattro,0.01924,0.013911999999999999,0.016872,267
Audi,RS 5 Sportback quattro,0.019388,0.013911999999999999,0.016872,268
Audi,RS 6 Avant quattro,0.023828,0.015836,0.020275999999999995,319
Audi,RS 7 Sportback quattro,0.02368,0.015539999999999998,0.01998,315
Audi,RS Q8 quattro,0.026639999999999997,0.018204,0.022792,360
Audi,S3 Sedan quattro,0.014799999999999999,0.010656000000000002,0.013024000000000003,206
Audi,S4 Sedan quattro,0.016428,0.01184,0.014355999999999999,227
Audi,S5 Cabriolet quattro,0.016724,0.012432,0.014799999999999999,233
Audi,S5 Coupe quattro,0.016428,0.01184,0.014355999999999999,227
Audi,S5 Sportback quattro,0.016428,0.01184,0.014355999999999999,227
Audi,S6 Sedan quattro,0.018944,0.01258,0.016132,254
Audi,S7 Sportback quattro,0.018944,0.01258,0.016132,254
Audi,S8 Sedan quattro,0.025011999999999996,0.015095999999999998,0.020424,323
Audi,SQ5 quattro,0.0185,0.014355999999999999,0.016576,262
Audi,SQ5 Sportback quattro,0.0185,0.014355999999999999,0.016576,262
Audi,SQ7 quattro,0.02368,0.016872,0.020572,325
Audi,SQ8 quattro,0.02368,0.016872,0.020572,325
Audi,TT Coupe 45 TFSI quattro,0.015539999999999998,0.011692,0.013911999999999999,218
Audi,TT Roadster 45 TFSI quattro,0.015539999999999998,0.011692,0.013911999999999999,218
Audi,TT RS Coupe quattro,0.017315999999999998,0.011988,0.014947999999999998,235
Audi,TTS Coupe quattro,0.014799999999999999,0.011396,0.013319999999999999,209
Bentley,Bentayga,0.023384,0.014652000000000002,0.019536,309
Bentley,Bentayga Speed,0.02812,0.01924,0.024124,383
Bentley,Continental GT,0.022052,0.013319999999999999,0.018056,287
Bentley,Continental GT Speed,0.029008,0.017759999999999998,0.023976,379
Bentley,Continental GT Convertible,0.022496,0.013616,0.0185,294
Bentley,Continental GT Convertible Speed,0.030044000000000005,0.019092,0.02516,395
Bentley,Flying Spur,0.02294,0.017168,0.020275999999999995,323
Bentley,Flying Spur,0.028416000000000004,0.018056,0.02368,373
BMW,330i xDrive Sedan,0.01406,0.010212,0.012284,195
BMW,430i xDrive Cabriolet,0.014799999999999999,0.010508,0.012875999999999999,202
BMW,430i xDrive Coupe,0.014799999999999999,0.010508,0.012875999999999999,202
BMW,530i xDrive Sedan,0.014947999999999998,0.010952000000000002,0.013172,206
BMW,540i xDrive Sedan,0.015539999999999998,0.011988,0.013911999999999999,219
BMW,750i xDrive Sedan,0.020572,0.014208000000000002,0.017759999999999998,279
BMW,750Li xDrive Sedan,0.020572,0.014208000000000002,0.017759999999999998,279
BMW,Alpina B7,0.020572,0.014208000000000002,0.017759999999999998,279
BMW,Alpina B8 Gran Coupe,0.020572,0.014208000000000002,0.017759999999999998,279
BMW,Alpina XB7,0.023236,0.01702,0.020424,321
BMW,M235i xDrive Gran Coupe,0.015392,0.011544,0.013616,214
BMW,M240i xDrive Coupe,0.015392,0.0111,0.013467999999999999,212
BMW,M3 Sedan,0.021755999999999998,0.014947999999999998,0.018648,293
BMW,M3 Competition Sedan,0.02146,0.015095999999999998,0.018648,292
BMW,M3 Competition Sedan M xDrive,0.021608,0.015539999999999998,0.018796,296
BMW,M340i xDrive Sedan,0.015392,0.011396,0.013616,214
BMW,M4 Competition Cabriolet M xDrive,0.022348,0.015392,0.019092,301
BMW,M4 Coupe,0.021755999999999998,0.014947999999999998,0.018648,293
BMW,M4 Competition Coupe,0.02146,0.015095999999999998,0.018648,292
BMW,M4 Competition Coupe M xDrive,0.021608,0.015539999999999998,0.018796,296
BMW,M440i xDrive Cabriolet,0.015392,0.010952000000000002,0.013467999999999999,211
BMW,M440i xDrive Coupe,0.015392,0.011396,0.013616,214
BMW,M440i xDrive Gran Coupe,0.016132,0.01184,0.014208000000000002,224
BMW,M5 Sedan,0.023828,0.01628,0.020424,322
BMW,M5 Competition,0.023828,0.01628,0.020424,322
BMW,M5 CS,0.023828,0.01628,0.020424,322
BMW,M550i xDrive Sedan,0.01998,0.013764000000000002,0.017168,271
BMW,M760i xDrive Sedan,0.026344,0.017612,0.022348,354
BMW,M8 Cabriolet,0.023828,0.01628,0.020424,322
BMW,M8 Cabriolet Competition,0.023828,0.01628,0.020424,322
BMW,M8 Coupe,0.023828,0.01628,0.020424,322
BMW,M8 Coupe Competition,0.023828,0.01628,0.020424,322
BMW,M8 Gran Coupe,0.023828,0.01628,0.020424,322
BMW,M8 Gran Coupe Competition,0.023828,0.01628,0.020424,322
BMW,M850i xDrive Cabriolet,0.020572,0.014208000000000002,0.017759999999999998,279
BMW,M850i xDrive Coupe,0.01998,0.013764000000000002,0.017168,271
BMW,M850i xDrive Gran Coupe,0.020572,0.014208000000000002,0.017759999999999998,279
BMW,X1 xDrive28i,0.015244000000000002,0.011396,0.013467999999999999,213
BMW,X2 xDrive28i,0.014652000000000002,0.011248,0.013024000000000003,207
BMW,X2 M35i,0.014652000000000002,0.011248,0.013172,207
BMW,X3 xDrive30i,0.01628,0.01258,0.014652000000000002,230
BMW,X3 M,0.023236,0.017315999999999998,0.020572,323
BMW,X3 M Competition,0.023236,0.017315999999999998,0.020572,323
BMW,X3 M40i,0.016576,0.013467999999999999,0.015244000000000002,241
BMW,X4 xDrive30i,0.01628,0.01258,0.014652000000000002,230
BMW,X4 M,0.023236,0.017315999999999998,0.020572,323
BMW,X4 M Competition,0.023236,0.017315999999999998,0.020572,323
BMW,X4 M40i,0.016576,0.013467999999999999,0.015244000000000002,241
BMW,X5 xDrive40i,0.016724,0.013616,0.015392,241
BMW,X5 M,0.026491999999999998,0.01924,0.023236,364
BMW,X5 M Competition,0.026491999999999998,0.01924,0.023236,364
BMW,X5 M50i,0.021312000000000005,0.015688,0.018796,302
BMW,X6 xDrive40i,0.016724,0.013616,0.015392,241
BMW,X6 M,0.026491999999999998,0.01924,0.023236,364
BMW,X6 M Competition,0.026491999999999998,0.01924,0.023236,364
BMW,X6 M50i,0.021312000000000005,0.015688,0.018796,302
BMW,X7 xDrive40i,0.017908,0.014504,0.016428,256
BMW,X7 M50i,0.023236,0.01702,0.020424,321
BMW,Z4 sDrive30i,0.013911999999999999,0.010952000000000002,0.01258,199
BMW,Z4 M40i,0.015984,0.011988,0.014208000000000002,223
Bugatti,Chiron,0.039664,0.024568,0.032856,522
Bugatti,Chiron Pur Sport,0.044844,0.030931999999999998,0.038628,608
Bugatti,Chiron Super Sport,0.044844,0.030931999999999998,0.038628,608
Buick,Enclave,0.01924,0.013467999999999999,0.016576,263
Buick,Enclave AWD,0.020128,0.014208000000000002,0.017464,277
Buick,Encore,0.014355999999999999,0.010804,0.012727999999999998,201
Buick,Encore AWD,0.015095999999999998,0.011396,0.013467999999999999,214
Buick,Encore GX,0.01184,0.011248,0.011544,184
Buick,Encore GX,0.012135999999999997,0.010952000000000002,0.011692,185
Buick,Encore GX AWD,0.013319999999999999,0.012135999999999997,0.012727999999999998,201
Buick,Envision,0.014799999999999999,0.011248,0.013172,209
Buick,Envision AWD,0.015539999999999998,0.012135999999999997,0.01406,220
Cadillac,CT4,0.015095999999999998,0.010360000000000001,0.013024000000000003,206
Cadillac,CT4,0.01628,0.011248,0.01406,221
Cadillac,CT4 AWD,0.015539999999999998,0.011248,0.013616,216
Cadillac,CT4 AWD,0.016872,0.012135999999999997,0.014799999999999999,233
Cadillac,CT4-V,0.017612,0.012135999999999997,0.015095999999999998,239
Cadillac,CT4-V AWD,0.017759999999999998,0.012432,0.015392,244
Cadillac,CT4-V Blackwing,0.0222,0.014355999999999999,0.018648,297
Cadillac,CT4-V Blackwing,0.022496,0.015095999999999998,0.01924,303
Cadillac,CT5,0.015244000000000002,0.010508,0.013024000000000003,207
Cadillac,CT5,0.018352,0.012875999999999999,0.015836,252
Cadillac,CT5 AWD,0.016132,0.011544,0.01406,222
Cadillac,CT5 AWD,0.018944,0.013467999999999999,0.016428,260
Cadillac,CT5-V,0.018944,0.012875999999999999,0.01628,258
Cadillac,CT5-V AWD,0.018944,0.013467999999999999,0.016428,260
Cadillac,CT5-V Blackwing,0.026788,0.015836,0.021904000000000003,346
Cadillac,CT5-V Blackwing,0.027083999999999997,0.016872,0.022496,356
Cadillac,Escalade 4WD,0.017315999999999998,0.013319999999999999,0.015539999999999998,281
Cadillac,Escalade 4WD,0.024124,0.018796,0.021755999999999998,345
Cadillac,Escalade 4WD (No Stop-Start),0.02516,0.018796,0.022348,353
Cadillac,XT4,0.014799999999999999,0.011544,0.013319999999999999,211
Cadillac,XT4 AWD,0.016132,0.012135999999999997,0.014355999999999999,225
Cadillac,XT5,0.015984,0.012135999999999997,0.014208000000000002,225
Cadillac,XT5 AWD,0.016576,0.012875999999999999,0.014947999999999998,237
Cadillac,XT5 AWD,0.019092,0.013616,0.016576,263
Cadillac,XT6 AWD,0.016576,0.013319999999999999,0.015095999999999998,239
Cadillac,XT6 AWD,0.019388,0.01406,0.01702,269
Chevrolet,Blazer,0.015688,0.01184,0.013911999999999999,221
Chevrolet,Blazer,0.018204,0.013024000000000003,0.015836,252
Chevrolet,Blazer AWD,0.015984,0.012875999999999999,0.014652000000000002,232
Chevrolet,Blazer AWD,0.018648,0.013616,0.01628,259
Chevrolet,Camaro,0.016132,0.011544,0.01406,222
Chevrolet,Camaro,0.018648,0.01184,0.015539999999999998,239
Chevrolet,Camaro,0.018944,0.011988,0.015836,251
Chevrolet,Camaro,0.021312000000000005,0.013467999999999999,0.017759999999999998,281
Chevrolet,Camaro SS,0.021608,0.013172,0.017759999999999998,281
Chevrolet,Camaro SS,0.022052,0.014652000000000002,0.018648,296
Chevrolet,Camaro ZL1,0.027083999999999997,0.016576,0.022348,355
Chevrolet,Camaro ZL1,0.025455999999999996,0.017759999999999998,0.022052,349
Chevrolet,Colorado,0.018056,0.013911999999999999,0.016132,257
Chevrolet,Colorado,0.017464,0.011692,0.014947999999999998,270
Chevrolet,Colorado,0.019092,0.013764000000000002,0.016724,263
Chevrolet,Colorado 4WD,0.018648,0.014652000000000002,0.016872,267
Chevrolet,Colorado 4WD,0.018056,0.012432,0.015539999999999998,283
Chevrolet,Colorado 4WD,0.020720000000000002,0.014652000000000002,0.017908,283
Chevrolet,Colorado ZR2 4WD,0.019684,0.015688,0.017908,326
Chevrolet,Colorado ZR2 4WD,0.0222,0.01924,0.020867999999999998,329
Chevrolet,Corvette,0.022348,0.014208000000000002,0.018648,297
Chevrolet,Equinox,0.013172,0.011396,0.012432,198
Chevrolet,Equinox AWD,0.013911999999999999,0.01184,0.013024000000000003,208
Chevrolet,Malibu,0.012135999999999997,0.009768,0.0111,175
Chevrolet,Malibu,0.015836,0.010508,0.013467999999999999,213
Chevrolet,Silverado,0.0185,0.015688,0.017168,274
Chevrolet,Silverado,0.015095999999999998,0.0111,0.013172,240
Chevrolet,Silverado FFV,0.023976,0.018204,0.02146,341
Chevrolet,Silverado FFV,0.03182,0.02368,0.028267999999999998,321
Chevrolet,Silverado,0.022348,0.016724,0.019832,314
Chevrolet,Silverado,0.021312000000000005,0.016724,0.01924,304
Chevrolet,Silverado 4WD,0.020572,0.017759999999999998,0.019388,306
Chevrolet,Silverado 4WD Mud Terrain Tire,0.021755999999999998,0.019388,0.020720000000000002,328
Chevrolet,Silverado 4WD,0.016132,0.013467999999999999,0.014947999999999998,272
Chevrolet,Silverado 4WD (With Sport Mode),0.015539999999999998,0.013467999999999999,0.014652000000000002,265
Chevrolet,Silverado 4WD Mud Terrain Tire,0.017464,0.015244000000000002,0.016576,298
Chevrolet,Silverado 4WD FFV,0.02442,0.018944,0.021904000000000003,347
Chevrolet,Silverado 4WD FFV,0.03256,0.024271999999999995,0.028860000000000004,326
Chevrolet,Silverado 4WD Mud Terrain Tire FFV,0.025751999999999997,0.021755999999999998,0.023976,380
Chevrolet,Silverado 4WD Mud Terrain Tire FFV,0.034188,0.029008,0.03182,358
Chevrolet,Silverado 4WD,0.023088,0.017612,0.020572,327
Chevrolet,Silverado 4WD Mud Terrain Tire,0.025011999999999996,0.019684,0.022644,359
Chevrolet,Silverado 4WD,0.021755999999999998,0.017464,0.019832,314
Chevrolet,Silverado 4WD (No DFM),0.024864,0.018352,0.021904000000000003,347
Chevrolet,Silverado 4WD (With Sport Mode),0.022644,0.018204,0.020572,327
Chevrolet,Silverado 4WD (No Stop-Start),0.023828,0.018352,0.021312000000000005,339
Chevrolet,Silverado 4WD Mud Terrain Tire,0.024568,0.020720000000000002,0.022792,361
Chevrolet,Silverado 4WD Mud Terrain Tire (No Stop-Start),0.024864,0.020572,0.02294,364
Chevrolet,Silverado 4WD Mud Terrain Tire (No DFM),0.026788,0.020424,0.023976,381
Chevrolet,Silverado 4WD,0.023236,0.017612,0.020720000000000002,329
Chevrolet,Silverado 4WD (No Stop-Start),0.024568,0.018204,0.021755999999999998,345
Chevrolet,Silverado 4WD Custom Trail Boss,0.02442,0.019536,0.0222,352
Chevrolet,Silverado 4WD Mud Terrain Tire,0.02442,0.019536,0.0222,352
Chevrolet,Silverado 4WD Mud Terrain Tire (No Stop-Start),0.026935999999999998,0.021016,0.024271999999999995,385
Chevrolet,Silverado 4WD ZR2,0.024715999999999995,0.020867999999999998,0.02294,366
Chevrolet,Spark,0.011396,0.009176,0.010360000000000001,165
Chevrolet,Spark,0.01184,0.009176,0.010656000000000002,170
Chevrolet,Suburban,0.016576,0.012875999999999999,0.014947999999999998,272
Chevrolet,Suburban,0.023384,0.017464,0.020720000000000002,327
Chevrolet,Suburban (No Stop-Start),0.02368,0.017612,0.020867999999999998,332
Chevrolet,Suburban 4WD,0.017315999999999998,0.013319999999999999,0.015539999999999998,281
Chevrolet,Suburban 4WD,0.023532,0.018352,0.021164000000000002,336
Chevrolet,Suburban 4WD (No Stop-Start),0.02516,0.018796,0.022348,354
Chevrolet,Suburban 4WD,0.024124,0.018796,0.021755999999999998,345
Chevrolet,Suburban 4WD (No Stop-Start),0.02516,0.018796,0.022348,353
Chevrolet,Tahoe,0.01628,0.012432,0.014504,263
Chevrolet,Tahoe,0.023384,0.017464,0.020720000000000002,327
Chevrolet,Tahoe (No Stop-Start),0.02368,0.017612,0.020867999999999998,332
Chevrolet,Tahoe 4WD,0.017315999999999998,0.013319999999999999,0.015539999999999998,281
Chevrolet,Tahoe 4WD,0.023384,0.017464,0.020720000000000002,327
Chevrolet,Tahoe 4WD (No Stop-Start),0.02516,0.018796,0.022348,354
Chevrolet,Tahoe 4WD,0.024124,0.018796,0.021755999999999998,345
Chevrolet,Tahoe 4WD (No Stop-Start),0.02516,0.018796,0.022348,353
Chevrolet,Trailblazer,0.01184,0.011248,0.011544,184
Chevrolet,Trailblazer,0.01184,0.010656000000000002,0.011248,178
Chevrolet,Trailblazer AWD,0.013172,0.011544,0.012432,197
Chevrolet,Traverse,0.01924,0.013024000000000003,0.016428,260
Chevrolet,Traverse AWD,0.020128,0.014208000000000002,0.017464,277
Chevrolet,Trax,0.014355999999999999,0.010804,0.012727999999999998,201
Chevrolet,Trax AWD,0.015095999999999998,0.011396,0.013467999999999999,214
Chrysler,300,0.018352,0.011544,0.015244000000000002,242
Chrysler,300,0.021755999999999998,0.013911999999999999,0.018204,289
Chrysler,300 AWD,0.018944,0.012875999999999999,0.01628,258
Chrysler,Grand Caravan,0.018352,0.012432,0.015688,249
Chrysler,Pacifica,0.018352,0.012432,0.015688,249
Chrysler,Pacifica AWD,0.020867999999999998,0.013911999999999999,0.017759999999999998,279
Dodge,Challenger,0.018352,0.011544,0.015244000000000002,242
Dodge,Challenger (MDS),0.021755999999999998,0.013911999999999999,0.018204,289
Dodge,Challenger,0.023088,0.014947999999999998,0.019388,307
Dodge,Challenger (MDS),0.023384,0.014208000000000002,0.01924,305
Dodge,Challenger,0.024715999999999995,0.015392,0.020572,325
Dodge,Challenger AWD,0.018944,0.012875999999999999,0.01628,258
Dodge,Challenger Widebody (MDS),0.023384,0.014208000000000002,0.01924,305
Dodge,Challenger Widebody,0.024715999999999995,0.015392,0.020572,325
Dodge,Challenger SRT Hellcat,0.026048000000000005,0.015836,0.02146,339
Dodge,Challenger SRT Hellcat,0.026788,0.016872,0.022348,352
Dodge,Challenger SRT Hellcat Widebody,0.027528000000000004,0.016724,0.022644,359
Dodge,Challenger SRT Hellcat Widebody,0.026788,0.016872,0.022348,352
Dodge,Charger,0.018352,0.011544,0.015244000000000002,242
Dodge,Charger (MDS),0.021755999999999998,0.013911999999999999,0.018204,289
Dodge,Charger (MDS),0.023384,0.014208000000000002,0.01924,305
Dodge,Charger AWD,0.018944,0.012875999999999999,0.01628,258
Dodge,Charger Widebody (MDS),0.023384,0.014208000000000002,0.01924,305
Dodge,Charger SRT Hellcat Widebody,0.02812,0.01702,0.023088,368
Dodge,Durango AWD,0.018796,0.014208000000000002,0.016724,265
Dodge,Durango AWD,0.024715999999999995,0.016132,0.020867999999999998,331
Dodge,Durango AWD SRT,0.027083999999999997,0.018056,0.023088,363
FIAT,500X AWD,0.014799999999999999,0.011692,0.013467999999999999,221
Ford,Bronco 4WD,0.017908,0.016576,0.017315999999999998,275
Ford,Bronco 4WD,0.017908,0.016872,0.017464,277
Ford,Bronco 4WD,0.018944,0.017612,0.018352,291
Ford,Bronco Badlands 4WD,0.01998,0.020720000000000002,0.020275999999999995,323
Ford,Bronco Badlands 4WD,0.022052,0.01998,0.021164000000000002,336
Ford,Bronco Badlands 4WD,0.020867999999999998,0.020867999999999998,0.020867999999999998,331
Ford,Bronco Black Diamond 4WD,0.019388,0.019388,0.019388,308
Ford,Bronco Black Diamond 4WD,0.020424,0.018352,0.019536,310
Ford,Bronco Sasquatch 4WD,0.019388,0.020424,0.019832,314
Ford,Bronco Sasquatch 4WD,0.020424,0.019388,0.01998,317
Ford,Bronco Sasquatch 4WD,0.020867999999999998,0.020867999999999998,0.020867999999999998,331
Ford,Bronco Sport 4WD,0.013764000000000002,0.012432,0.013172,209
Ford,Bronco Sport 4WD,0.016428,0.013319999999999999,0.015095999999999998,240
Ford,EcoSport AWD,0.015392,0.01184,0.013764000000000002,219
Ford,Edge AWD,0.01702,0.012432,0.014947999999999998,238
Ford,Edge AWD,0.017168,0.01258,0.015095999999999998,239
Ford,Edge AWD,0.018648,0.013764000000000002,0.016576,262
Ford,Escape,0.01258,0.010064,0.011544,182
Ford,Escape AWD,0.013319999999999999,0.011248,0.012432,198
Ford,Escape AWD,0.015539999999999998,0.0111,0.013616,216
Ford,Escape Hybrid,0.007992,0.009324,0.008584,136
Ford,Escape Hybrid AWD,0.00814,0.009472,0.008732,139
Ford,Expedition 4X4,0.021904000000000003,0.015688,0.019092,304
Ford,Expedition 4X4 (Without Stop-Start),0.022792,0.016576,0.01998,317
Ford,Expedition Timberline 4X4,0.02146,0.018204,0.01998,317
Ford,Expedition Timberline 4X4 (Without Stop-Start),0.022496,0.018204,0.020572,326
Ford,Explorer AWD,0.017315999999999998,0.012727999999999998,0.015244000000000002,242
Ford,Explorer AWD (Without Stop-Start),0.017759999999999998,0.013319999999999999,0.015836,252
Ford,Explorer Timberline AWD,0.018056,0.015539999999999998,0.01702,269
Ford,Explorer Timberline AWD (Without Stop-Start),0.0185,0.01628,0.017464,277
Ford,Explorer AWD,0.019832,0.014504,0.017464,277
Ford,Explorer Hybrid AWD,0.014947999999999998,0.013319999999999999,0.014208000000000002,225
Ford,F-150,0.017908,0.013911999999999999,0.016132,256
Ford,F-150 (Without Stop-Start),0.01998,0.014947999999999998,0.017759999999999998,282
Ford,F-150 FFV,0.017908,0.014504,0.016428,260
Ford,F-150 FFV,0.024864,0.018944,0.0222,249
Ford,F-150,0.019388,0.014652000000000002,0.017315999999999998,275
Ford,F-150 (Without Stop-Start),0.020275999999999995,0.014799999999999999,0.017759999999999998,281
Ford,F-150 FFV,0.021312000000000005,0.015984,0.018944,300
Ford,F-150 FFV,0.030784,0.021164000000000002,0.026491999999999998,298
Ford,F-150 FFV (Without Stop-Start),0.021755999999999998,0.015688,0.019092,302
Ford,F-150 FFV (Without Stop-Start),0.029748000000000004,0.020867999999999998,0.025751999999999997,289
Ford,F-150 4X4,0.019092,0.014947999999999998,0.017315999999999998,274
Ford,F-150 4X4 FFV,0.018648,0.015836,0.017464,277
Ford,F-150 4X4 FFV,0.025604000000000005,0.019388,0.022792,256
Ford,F-150 4X4,0.01998,0.015244000000000002,0.017908,284
Ford,F-150 4X4 (Without Stop-Start),0.021608,0.01628,0.01924,304
Ford,F-150 4X4 FFV,0.021755999999999998,0.015984,0.019092,304
Ford,F-150 4X4 FFV,0.031376,0.021016,0.026788,301
Ford,F-150 4X4 FFV (Without Stop-Start),0.022348,0.015836,0.019388,308
Ford,F-150 4X4 FFV (Without Stop-Start),0.030635999999999997,0.021016,0.026344,295
Ford,F-150 Raptor 4X4,0.023384,0.019536,0.021608,344
Ford,F-150 Raptor 4X4 (Without Stop-Start),0.024864,0.019536,0.022496,357
Ford,F-150 Raptor 37 4X4,0.02368,0.021312000000000005,0.022644,359
Ford,F-150 Raptor 37 4X4 (Without Stop-Start),0.024568,0.021904000000000003,0.023384,370
Ford,F-150 Tremor 4X4,0.021164000000000002,0.017464,0.019536,310
Ford,F-150 Tremor 4X4 (Without Stop-Start),0.021755999999999998,0.017315999999999998,0.019684,313
Ford,F-150 Hybrid,0.014504,0.014355999999999999,0.014355999999999999,228
Ford,F-150 Hybrid 4X4,0.015244000000000002,0.014799999999999999,0.015095999999999998,238
Ford,GT,0.029451999999999996,0.018944,0.024715999999999995,395
Ford,Maverick AWD,0.015836,0.011988,0.014208000000000002,226
Ford,Maverick Hybrid,0.008288,0.010508,0.009324,147
Ford,Mustang,0.01628,0.010952000000000002,0.013764000000000002,220
Ford,Mustang,0.016872,0.011692,0.014504,231
Ford,Mustang (High Performance),0.017315999999999998,0.012727999999999998,0.015244000000000002,242
Ford,Mustang,0.01702,0.012135999999999997,0.014799999999999999,236
Ford,Mustang (High Performance),0.017612,0.012875999999999999,0.015539999999999998,246
Ford,Mustang,0.022496,0.014355999999999999,0.018796,298
Ford,Mustang,0.023828,0.014947999999999998,0.019832,314
Ford,Mustang Convertible,0.017315999999999998,0.011988,0.014947999999999998,237
Ford,Mustang Convertible,0.017759999999999998,0.01258,0.015392,244
Ford,Mustang Convertible (High Performance),0.017908,0.013172,0.015836,252
Ford,Mustang Convertible,0.017464,0.012727999999999998,0.015392,244
Ford,Mustang Convertible (High Performance),0.018204,0.013616,0.016132,256
Ford,Mustang Convertible,0.023384,0.015392,0.019832,314
Ford,Mustang Mach 1,0.022496,0.014947999999999998,0.019092,302
Ford,Mustang Mach 1,0.025308000000000004,0.016576,0.02146,339
Ford,Ranger 4WD,0.017612,0.014355999999999999,0.016132,256
Ford,Ranger 4WD (Without Stop-Start),0.018352,0.014355999999999999,0.016576,262
Ford,Ranger 4WD Tremor,0.018352,0.018204,0.018352,291
Ford,Shelby GT500 Mustang,0.029451999999999996,0.018796,0.024715999999999995,392
Ford,Transit Connect Van,0.014504,0.013172,0.013911999999999999,221
Ford,Transit Connect Van FFV,0.014504,0.013172,0.013911999999999999,221
Ford,Transit Connect Van FFV,0.019684,0.017612,0.018796,211
Ford,Transit Connect Van,0.017759999999999998,0.013172,0.015688,249
Ford,Transit Connect Wagon LWB,0.014799999999999999,0.012284,0.013616,216
Ford,Transit Connect Wagon LWB FFV,0.014799999999999999,0.012284,0.013616,216
Ford,Transit Connect Wagon LWB FFV,0.021755999999999998,0.016724,0.019536,219
Ford,Transit Connect Wagon LWB,0.017908,0.013319999999999999,0.015688,249
Genesis,G70 AWD,0.01998,0.013467999999999999,0.01702,273
Genesis,G80 AWD,0.015984,0.011692,0.01406,225
Genesis,G80 AWD,0.021904000000000003,0.014652000000000002,0.018648,298
Genesis,G90 AWD,0.0222,0.014947999999999998,0.018944,303
Genesis,GV70 AWD,0.015836,0.012432,0.014355999999999999,229
Genesis,GV70 AWD,0.019092,0.014799999999999999,0.017168,275
Genesis,GV80 AWD,0.016724,0.01406,0.015539999999999998,248
Genesis,GV80 AWD,0.019092,0.015392,0.017464,279
GMC,Acadia,0.015688,0.01184,0.013911999999999999,221
GMC,Acadia,0.018204,0.013024000000000003,0.015836,252
GMC,Acadia AWD,0.015984,0.012875999999999999,0.014652000000000002,232
GMC,Acadia AWD,0.018648,0.013616,0.01628,259
GMC,Canyon,0.018056,0.013911999999999999,0.016132,257
GMC,Canyon,0.017464,0.011692,0.014947999999999998,270
GMC,Canyon,0.019092,0.013764000000000002,0.016724,263
GMC,Canyon 4WD,0.018648,0.014652000000000002,0.016872,267
GMC,Canyon 4WD,0.018056,0.012432,0.015539999999999998,283
GMC,Canyon 4WD,0.020720000000000002,0.014652000000000002,0.017908,283
GMC,Sierra,0.0185,0.015688,0.017168,274
GMC,Sierra,0.015095999999999998,0.011544,0.013467999999999999,245
GMC,Sierra FFV,0.023976,0.018204,0.02146,341
GMC,Sierra FFV,0.03182,0.02368,0.028267999999999998,321
GMC,Sierra,0.022348,0.016724,0.019832,314
GMC,Sierra,0.021312000000000005,0.016724,0.01924,305
GMC,Sierra 4WD,0.020572,0.017759999999999998,0.019388,306
GMC,Sierra 4WD Mud Terrain Tire,0.021755999999999998,0.019388,0.020720000000000002,328
GMC,Sierra 4WD,0.015539999999999998,0.013467999999999999,0.014652000000000002,265
GMC,Sierra 4WD Mud Terrain Tire,0.017464,0.015244000000000002,0.016576,298
GMC,Sierra 4WD FFV,0.02442,0.018944,0.021904000000000003,347
GMC,Sierra 4WD FFV,0.03256,0.024271999999999995,0.028860000000000004,326
GMC,Sierra 4WD Mud Terrain Tire FFV,0.025751999999999997,0.021755999999999998,0.023976,380
GMC,Sierra 4WD Mud Terrain Tire FFV,0.034188,0.029008,0.03182,358
GMC,Sierra 4WD,0.023088,0.017612,0.020572,327
GMC,Sierra 4WD Mud Terrain Tire,0.025011999999999996,0.019684,0.022644,359
GMC,Sierra 4WD,0.022052,0.017759999999999998,0.020128,318
GMC,Sierra 4WD (No DFM),0.024864,0.018352,0.021904000000000003,347
GMC,Sierra 4WD (With Sport Mode),0.022792,0.018204,0.020720000000000002,329
GMC,Sierra 4WD (No Stop-Start),0.023828,0.018352,0.021312000000000005,338
GMC,Sierra 4WD Mud Terrain Tire,0.024568,0.020720000000000002,0.022792,360
GMC,Sierra 4WD Mud Terrain Tire (No DFM),0.026788,0.020424,0.023976,381
GMC,Sierra 4WD,0.023236,0.017612,0.020720000000000002,329
GMC,Sierra 4WD (No Stop-Start),0.024568,0.018204,0.021755999999999998,345
GMC,Sierra 4WD Mud Terrain Tire,0.02442,0.019536,0.0222,352
GMC,Sierra 4WD Mud Terrain Tire (No Stop-Start),0.026935999999999998,0.021016,0.024271999999999995,385
GMC,Terrain,0.013616,0.011544,0.012727999999999998,202
GMC,Terrain AWD,0.014208000000000002,0.012284,0.013319999999999999,212
GMC,Yukon,0.016576,0.012875999999999999,0.014947999999999998,272
GMC,Yukon,0.023384,0.017464,0.020720000000000002,327
GMC,Yukon (No Stop-Start),0.02368,0.017612,0.020867999999999998,332
GMC,Yukon 4WD,0.017315999999999998,0.013319999999999999,0.015539999999999998,281
GMC,Yukon 4WD,0.023384,0.017464,0.020720000000000002,327
GMC,Yukon 4WD (No Stop-Start),0.02516,0.018796,0.022348,354
GMC,Yukon 4WD,0.024124,0.018796,0.021755999999999998,345
GMC,Yukon 4WD (No Stop-Start),0.02516,0.018796,0.022348,353
GMC,Yukon XL,0.016576,0.012875999999999999,0.014947999999999998,272
GMC,Yukon XL,0.023384,0.017464,0.020720000000000002,327
GMC,Yukon XL (No Stop-Start),0.02368,0.017612,0.020867999999999998,332
GMC,Yukon XL 4WD,0.017315999999999998,0.013319999999999999,0.015539999999999998,281
GMC,Yukon XL 4WD,0.023532,0.018352,0.021164000000000002,336
GMC,Yukon XL 4WD (No Stop-Start),0.02516,0.018796,0.022348,354
GMC,Yukon XL 4WD,0.024124,0.018796,0.021755999999999998,345
GMC,Yukon XL 4WD (No Stop-Start),0.02516,0.018796,0.022348,353
Honda,Accord,0.011544,0.00962,0.010656000000000002,168
Honda,Accord Sport/Touring,0.011988,0.010064,0.0111,176
Honda,Accord Sport/Touring,0.015392,0.010952000000000002,0.013467999999999999,211
Honda,Accord Hybrid,0.0073999999999999995,0.0073999999999999995,0.0073999999999999995,117
Honda,Accord Hybrid Sport/Touring,0.007844,0.008436,0.00814,129
Honda,Civic Hatchback,0.011396,0.009324,0.010508,166
Honda,Civic Hatchback,0.01258,0.009324,0.0111,175
Honda,Civic Hatchback,0.01184,0.009176,0.010656000000000002,167
Honda,Civic Hatchback,0.013467999999999999,0.009768,0.01184,186
Honda,Civic Sedan,0.011248,0.009028,0.010212,162
Honda,Civic Sedan,0.011396,0.008879999999999999,0.010212,162
Honda,Civic Sedan,0.011544,0.009324,0.010508,165
Honda,Civic Sedan Si,0.012875999999999999,0.009472,0.011396,180
Honda,CR-V,0.012284,0.010360000000000001,0.011396,180
Honda,CR-V AWD,0.012875999999999999,0.010952000000000002,0.011988,189
Honda,HR-V,0.012432,0.010360000000000001,0.011544,181
Honda,HR-V AWD,0.013024000000000003,0.0111,0.012135999999999997,193
Honda,HR-V AWD,0.013467999999999999,0.011396,0.01258,200
Honda,Odyssey,0.018056,0.01258,0.015688,248
Honda,Passport AWD,0.0185,0.014504,0.016724,265
Honda,Pilot AWD,0.018352,0.013764000000000002,0.01628,256
Honda,Pilot AWD TrailSport,0.018204,0.01406,0.016428,260
Honda,Ridgeline AWD,0.018944,0.014652000000000002,0.01702,271
Hyundai,Elantra,0.012432,0.009768,0.011248,179
Hyundai,Elantra,0.011248,0.008436,0.009916,158
Hyundai,Elantra (ISG),0.010508,0.00814,0.009472,151
Hyundai,Elantra,0.013467999999999999,0.009324,0.011544,185
Hyundai,Elantra N,0.017908,0.011692,0.015095999999999998,241
Hyundai,Elantra N,0.016132,0.011396,0.013911999999999999,223
Hyundai,Elantra Hybrid Blue,0.006659999999999999,0.006216,0.006512000000000001,103
Hyundai,IONIQ,0.006363999999999999,0.006067999999999999,0.006216,99
Hyundai,IONIQ Blue,0.00592,0.005772,0.00592,94
Hyundai,Kona,0.01184,0.009768,0.010952000000000002,174
Hyundai,Kona N,0.017464,0.012875999999999999,0.015392,246
Hyundai,Kona AWD,0.013024000000000003,0.010952000000000002,0.012135999999999997,193
Hyundai,Kona AWD,0.01258,0.010656000000000002,0.011692,187
Hyundai,Palisade AWD,0.018204,0.014208000000000002,0.016428,265
Hyundai,Santa Cruz AWD,0.017908,0.012727999999999998,0.015688,250
Hyundai,Santa Fe AWD,0.01628,0.01258,0.014652000000000002,233
Hyundai,Santa Fe AWD,0.015688,0.013764000000000002,0.014799999999999999,235
Hyundai,Santa Fe Hybrid,0.010508,0.011692,0.010952000000000002,176
Hyundai,Sonata,0.013024000000000003,0.009472,0.011396,183
Hyundai,Sonata,0.014947999999999998,0.010656000000000002,0.013024000000000003,208
Hyundai,Sonata,0.013024000000000003,0.009472,0.011396,182
Hyundai,Sonata Hybrid,0.007844,0.006808,0.0073999999999999995,117
Hyundai,Tucson,0.013467999999999999,0.010508,0.012135999999999997,194
Hyundai,Tucson AWD,0.014652000000000002,0.01184,0.013319999999999999,214
Hyundai,Tucson Hybrid,0.009324,0.009768,0.009472,152
Hyundai,Veloster N,0.017759999999999998,0.012727999999999998,0.015539999999999998,248
Hyundai,Veloster N,0.015688,0.012284,0.01406,226
Hyundai,Venue,0.011692,0.010212,0.0111,176
Hyundai,Venue,0.012727999999999998,0.010064,0.011544,184
Infiniti,Q50 AWD,0.0185,0.012875999999999999,0.015984,254
Infiniti,Q50 AWD Red Sport,0.0185,0.013764000000000002,0.016428,261
Infiniti,Q60 AWD,0.018204,0.012875999999999999,0.015836,252
Infiniti,Q60 AWD Red Sport,0.0185,0.013616,0.01628,259
Infiniti,QX50 AWD,0.015984,0.012284,0.014355999999999999,228
Infiniti,QX55 AWD,0.015539999999999998,0.012284,0.01406,223
Infiniti,QX60 AWD,0.017612,0.01406,0.015984,253
Infiniti,QX80 4WD,0.0259,0.018056,0.022348,355
Jaguar,E-PACE P250,0.01702,0.013616,0.015392,247
Jaguar,E-PACE P300,0.016576,0.013616,0.015244000000000002,245
Jaguar,F-TYPE P450 Convertible,0.020867999999999998,0.014355999999999999,0.017908,286
Jaguar,F-TYPE P450 Convertible AWD,0.022496,0.014504,0.018796,299
Jaguar,F-TYPE P450 Coupe,0.020867999999999998,0.014355999999999999,0.017908,286
Jaguar,F-TYPE P450 Coupe AWD,0.022496,0.014504,0.018796,299
Jaguar,F-TYPE R Convertible AWD,0.022496,0.014504,0.018796,299
Jaguar,F-TYPE R Coupe AWD,0.022496,0.014504,0.018796,299
Jeep,Cherokee,0.015392,0.011248,0.013467999999999999,214
Jeep,Cherokee,0.015984,0.0111,0.013764000000000002,219
Jeep,Cherokee,0.017612,0.012135999999999997,0.015095999999999998,240
Jeep,Cherokee 4X4 Active Drive I,0.016576,0.01184,0.014504,229
Jeep,Cherokee 4X4 Active Drive I,0.016576,0.01184,0.014504,230
Jeep,Cherokee 4X4 Active Drive I,0.018056,0.012727999999999998,0.015688,249
Jeep,Cherokee 4X4 Active Drive Lock,0.019092,0.014355999999999999,0.01702,268
Jeep,Compass,0.015688,0.011248,0.013764000000000002,218
Jeep,Compass 4X4,0.015984,0.011544,0.01406,222
Jeep,Gladiator 4X4 EcoDiesel,0.015984,0.01258,0.014504,263
Jeep,Gladiator 4X4 Rubicon EcoDiesel,0.01628,0.012875999999999999,0.014799999999999999,271
Jeep,Gladiator 4X4,0.020275999999999995,0.015836,0.018204,290
Jeep,Gladiator 4X4,0.021164000000000002,0.015392,0.018648,296
Jeep,Grand Cherokee 4X4,0.018204,0.013616,0.016132,256
Jeep,Grand Cherokee 4X4,0.024715999999999995,0.016132,0.020867999999999998,331
Jeep,Grand Cherokee L 4X4,0.01924,0.013911999999999999,0.016724,266
Jeep,Grand Cherokee L 4X4,0.024715999999999995,0.016132,0.020867999999999998,331
Jeep,Grand Cherokee WK 4X4,0.018796,0.014208000000000002,0.016724,265
Jeep,Grand Wagoneer 4X4,0.027528000000000004,0.018944,0.02368,374
Jeep,Renegade,0.014504,0.010952000000000002,0.012875999999999999,204
Jeep,Renegade 4X4,0.014947999999999998,0.011988,0.013616,222
Jeep,Renegade 4X4 Trailhawk,0.015984,0.012875999999999999,0.014652000000000002,231
Jeep,Wagoneer 4X4,0.023088,0.017315999999999998,0.020424,323
Jeep,Wrangler JL 4X4,0.015836,0.014504,0.015244000000000002,241
Jeep,Wrangler JL 4X4,0.018944,0.015392,0.017464,274
Jeep,Wrangler JL 4X4 eTorque,0.017759999999999998,0.014504,0.01628,258
Jeep,Wrangler JL 4X4,0.020275999999999995,0.014208000000000002,0.017464,277
Jeep,Wrangler JL Unlimited 4X4,0.01702,0.014652000000000002,0.015984,251
Jeep,Wrangler JL Unlimited 4X4 EcoDiesel,0.015688,0.011988,0.01406,255
Jeep,Wrangler JL Unlimited 4X4 Rubicon EcoDiesel,0.016576,0.013319999999999999,0.015095999999999998,275
Jeep,Wrangler JL Unlimited 4X4,0.019092,0.015095999999999998,0.017315999999999998,275
Jeep,Wrangler JL Unlimited 4X4 eTorque,0.018204,0.014652000000000002,0.016576,262
Jeep,Wrangler JL Unlimited 4X4,0.020424,0.014947999999999998,0.018056,285
Jeep,Wrangler JL Unlimited 4X4,0.027379999999999998,0.020867999999999998,0.02442,387
Kia,Carnival,0.017759999999999998,0.013172,0.015688,252
Kia,Forte,0.012875999999999999,0.009768,0.011544,184
Kia,Forte,0.011692,0.008732,0.010360000000000001,165
Kia,Forte,0.013024000000000003,0.009028,0.011248,178
Kia,Forte 5,0.013172,0.010212,0.01184,190
Kia,Forte 5,0.01184,0.008879999999999999,0.010508,169
Kia,K5,0.014652000000000002,0.010804,0.012875999999999999,207
Kia,K5 AWD,0.013616,0.010360000000000001,0.012135999999999997,195
Kia,Niro,0.006512000000000001,0.007252,0.006808,110
Kia,Niro FE,0.006512000000000001,0.007252,0.006808,110
Kia,Niro Touring,0.0073999999999999995,0.008288,0.007844,124
Kia,Rio,0.010656000000000002,0.008879999999999999,0.009916,159
Kia,Rio,0.011396,0.009028,0.010360000000000001,166
Kia,Seltos,0.012135999999999997,0.010508,0.011396,182
Kia,Seltos AWD,0.013911999999999999,0.011692,0.012875999999999999,205
Kia,Seltos AWD,0.013024000000000003,0.011248,0.012135999999999997,195
Kia,Sorento AWD,0.016132,0.012875999999999999,0.014652000000000002,234
Kia,Sorento AWD,0.014947999999999998,0.013616,0.014355999999999999,227
Kia,Sorento Hybrid AWD,0.009472,0.010360000000000001,0.009768,157
Kia,Soul,0.01258,0.010360000000000001,0.011692,187
Kia,Sportage,0.014947999999999998,0.011248,0.013319999999999999,214
Kia,Sportage AWD,0.017908,0.014208000000000002,0.01628,261
Kia,Sportage AWD,0.015984,0.013467999999999999,0.014799999999999999,238
Kia,Stinger AWD,0.020275999999999995,0.014208000000000002,0.017612,280
Kia,Telluride AWD,0.018796,0.014355999999999999,0.016724,266
Lamborghini,Aventador Countach,0.03922,0.021608,0.031376,489
Lamborghini,Aventador Coupe,0.039664,0.022348,0.03182,498
Lamborghini,Aventador Roadster,0.039664,0.022348,0.03182,498
Lamborghini,Huracan evo Coupe,0.026639999999999997,0.019092,0.023236,371
Lamborghini,Huracan evo Coupe AWD,0.026639999999999997,0.019092,0.023236,370
Lamborghini,Huracan evo Spyder,0.026639999999999997,0.019092,0.023236,371
Lamborghini,Huracan evo Spyder AWD,0.026639999999999997,0.019092,0.023236,370
Lamborghini,Urus,0.028416000000000004,0.020867999999999998,0.025011999999999996,384
Land Rover,Defender 90 P300,0.019536,0.016724,0.018204,289
Land Rover,Defender 90 P400,0.01998,0.015984,0.018204,287
Land Rover,Defender 90 5.0L V8,0.023384,0.018352,0.021164000000000002,339
Land Rover,Defender 110 P300,0.021016,0.017315999999999998,0.01924,306
Land Rover,Defender 110 P400,0.01998,0.015984,0.018204,287
Land Rover,Defender 110 5.0L V8,0.024271999999999995,0.018796,0.021755999999999998,350
Land Rover,Discovery P300,0.018056,0.015688,0.01702,271
Land Rover,Discovery P360,0.018944,0.014504,0.016872,270
Land Rover,Range Rover P360,0.019684,0.015095999999999998,0.017612,279
Land Rover,Range Rover P400,0.019684,0.015095999999999998,0.017612,279
Land Rover,Range Rover P525,0.021312000000000005,0.016724,0.01924,305
Land Rover,Range Rover P525 LWB,0.021312000000000005,0.016724,0.01924,305
Land Rover,Range Rover SVAutobiography,0.025308000000000004,0.018648,0.022348,354
Land Rover,Range Rover SVAutobiography LWB,0.026491999999999998,0.018796,0.02294,365
Land Rover,Range Rover Sport P360,0.018796,0.014652000000000002,0.016872,269
Land Rover,Range Rover Sport HST P400,0.018796,0.014652000000000002,0.016872,269
Land Rover,Range Rover Sport P525,0.020867999999999998,0.015836,0.018648,294
Land Rover,Range Rover Sport P575 SVR,0.023976,0.017759999999999998,0.021164000000000002,336
Lexus,ES 250 AWD,0.01406,0.010360000000000001,0.012432,195
Lexus,ES 300h,0.00814,0.007696,0.007844,124
Lexus,ES 350,0.015836,0.010804,0.013616,214
Lexus,ES 350 F SPORT,0.016132,0.0111,0.013911999999999999,219
Lexus,GX 460,0.023976,0.018204,0.02146,337
Lexus,IS 300,0.01628,0.011248,0.01406,221
Lexus,IS 300 AWD,0.018056,0.013319999999999999,0.015984,253
Lexus,IS 350 AWD,0.018056,0.013319999999999999,0.015984,253
Lexus,IS 500,0.020867999999999998,0.013764000000000002,0.017612,280
Lexus,LC 500,0.022348,0.014208000000000002,0.018648,294
Lexus,LC 500 Convertible,0.02368,0.01406,0.01924,304
Lexus,LC 500h,0.013319999999999999,0.010508,0.011988,189
Lexus,LS 500 AWD,0.020424,0.012875999999999999,0.016576,270
Lexus,LS 500h AWD,0.014947999999999998,0.011988,0.013616,216
Lexus,LX 600,0.021016,0.015984,0.018796,298
Lexus,NX 250 AWD,0.013911999999999999,0.010952000000000002,0.012432,198
Lexus,NX 350 AWD,0.015539999999999998,0.012284,0.01406,221
Lexus,NX 350 AWD F SPORT,0.015539999999999998,0.012432,0.01406,222
Lexus,NX 350h AWD,0.008436,0.009472,0.008879999999999999,140
Lexus,RC 300 AWD,0.018056,0.013319999999999999,0.015984,253
Lexus,RC 350 AWD,0.018056,0.013319999999999999,0.015984,253
Lexus,RC F,0.021312000000000005,0.014208000000000002,0.018056,285
Lexus,RX 350 AWD,0.018056,0.013319999999999999,0.015984,252
Lexus,RX 350 L AWD,0.019388,0.013911999999999999,0.016428,268
Lexus,RX 450h AWD,0.0111,0.012432,0.011692,185
Lexus,RX 450h L AWD,0.011988,0.012432,0.011988,190
Lexus,UX 200,0.01184,0.009324,0.010656000000000002,168
Lexus,UX 250h AWD,0.008436,0.009176,0.008879999999999999,140
Lincoln,Aviator AWD,0.020275999999999995,0.014355999999999999,0.017612,280
Lincoln,Corsair AWD,0.016428,0.011988,0.014504,229
Lincoln,Corsair AWD,0.016576,0.012284,0.014652000000000002,232
Lincoln,Nautilus AWD,0.017464,0.013911999999999999,0.015836,252
Lincoln,Nautilus AWD,0.017464,0.013911999999999999,0.015836,251
Lincoln,Nautilus AWD,0.018648,0.013764000000000002,0.016576,262
Lincoln,Navigator 4X4,0.022496,0.015984,0.019536,311
Maserati,Ghibli GT,0.019832,0.013911999999999999,0.017168,271
Maserati,Ghibli Modena,0.019832,0.013911999999999999,0.017168,271
Maserati,Ghibli Modena AWD,0.021904000000000003,0.014504,0.018648,293
Maserati,Ghibli Trofeo,0.025751999999999997,0.017612,0.022052,348
Maserati,Levante GT,0.022348,0.016132,0.019536,308
Maserati,Levante Modena,0.022348,0.016132,0.019536,308
Maserati,Levante Modena V8,0.025751999999999997,0.017759999999999998,0.0222,349
Maserati,Levante Trofeo,0.025751999999999997,0.017759999999999998,0.0222,349
Maserati,MC20,0.022792,0.01406,0.018944,295
Maserati,Quattroporte GT,0.021312000000000005,0.013764000000000002,0.017908,281
Maserati,Quattroporte Modena,0.021312000000000005,0.013764000000000002,0.017908,281
Maserati,Quattroporte Modena AWD,0.021904000000000003,0.014504,0.018648,293
Maserati,Quattroporte Trofeo,0.025751999999999997,0.017612,0.022052,348
Mazda,CX-3,0.012284,0.010212,0.011396,179
Mazda,CX-3 (SIL),0.013024000000000003,0.010360000000000001,0.01184,186
Mazda,CX-3 4WD,0.012727999999999998,0.010952000000000002,0.011988,189
Mazda,CX-30 4WD,0.013911999999999999,0.011396,0.012727999999999998,202
Mazda,CX-30 4WD,0.014652000000000002,0.011396,0.013172,208
Mazda,CX-30 Turbo 4WD,0.015539999999999998,0.011692,0.013764000000000002,220
Mazda,CX-5 4WD,0.015095999999999998,0.012135999999999997,0.013764000000000002,216
Mazda,CX-5 4WD (Cylinder Deactivation),0.014652000000000002,0.011692,0.013319999999999999,209
Mazda,CX-5 Turbo 4WD,0.015984,0.012875999999999999,0.014504,230
Mazda,CX-9 4WD,0.017168,0.013319999999999999,0.015392,243
Mazda,Mazda3 4-Door,0.012432,0.009768,0.011248,178
Mazda,Mazda3 4-Door (SIL),0.012875999999999999,0.009472,0.011396,180
Mazda,Mazda3 4-Door,0.013172,0.00962,0.011544,183
Mazda,Mazda3 4-Door 4WD,0.01406,0.010656000000000002,0.01258,199
Mazda,Mazda3 4-Door Turbo 4WD,0.014947999999999998,0.010804,0.013024000000000003,207
Mazda,Mazda3 5-Door,0.012727999999999998,0.009916,0.011396,181
Mazda,Mazda3 5-Door (SIL),0.012875999999999999,0.009768,0.011544,181
Mazda,Mazda3 5-Door,0.013467999999999999,0.010064,0.011988,190
Mazda,Mazda3 5-Door (SIL),0.014208000000000002,0.010508,0.012432,198
Mazda,Mazda3 5-Door 4WD,0.01406,0.010952000000000002,0.012727999999999998,200
Mazda,Mazda3 5-Door Turbo 4WD,0.014947999999999998,0.0111,0.013172,209
Mazda,MX-5,0.013319999999999999,0.009768,0.011692,186
Mazda,MX-5 (SIL),0.013319999999999999,0.010360000000000001,0.011988,189
Mercedes-Benz,A 220 4MATIC Sedan,0.01406,0.010064,0.012284,194
Mercedes-Benz,A 250 4MATIC Hatch,0.014799999999999999,0.010360000000000001,0.012875999999999999,202
Mercedes-Benz,AMG A 35 4MATIC Sedan,0.015984,0.011692,0.01406,221
Mercedes-Benz,AMG A 35 4MATIC Hatch,0.015984,0.011544,0.013911999999999999,221
Mercedes-Benz,AMG C 43 4MATIC Cabriolet,0.018796,0.012875999999999999,0.016132,256
Mercedes-Benz,AMG C 43 4MATIC Coupe,0.018648,0.01258,0.015984,252
Mercedes-Benz,AMG CLA 35 4MATIC Coupe,0.01628,0.012135999999999997,0.014355999999999999,227
Mercedes-Benz,AMG CLA 45 4MATIC Coupe,0.017759999999999998,0.01258,0.015392,243
Mercedes-Benz,AMG CLS 53 4MATIC+ Coupe,0.017168,0.013024000000000003,0.015244000000000002,241
Mercedes-Benz,AMG E 53 4MATIC+ Sedan,0.016724,0.012284,0.014652000000000002,232
Mercedes-Benz,AMG E 53 4MATIC+ Cabriolet,0.017759999999999998,0.013172,0.015688,247
Mercedes-Benz,AMG E 53 4MATIC+ Coupe,0.017315999999999998,0.012432,0.015095999999999998,239
Mercedes-Benz,AMG GLA 35 4MATIC SUV,0.01628,0.012432,0.014504,230
Mercedes-Benz,AMG GLA 45 4MATIC SUV,0.018204,0.014208000000000002,0.016428,260
Mercedes-Benz,AMG GLB 35 4MATIC SUV,0.018796,0.013911999999999999,0.016576,262
Mercedes-Benz,AMG GLC 43 4MATIC SUV,0.019092,0.013764000000000002,0.016724,264
Mercedes-Benz,AMG GLC 43 4MATIC Coupe,0.020720000000000002,0.014947999999999998,0.018204,287
Mercedes-Benz,AMG GLE 53 4MATIC+ SUV,0.019832,0.015688,0.017908,283
Mercedes-Benz,AMG GLE 53 4MATIC+ Coupe,0.020128,0.016428,0.0185,292
Mercedes-Benz,AMG GT 53 4MATIC+ Coupe,0.018204,0.013911999999999999,0.01628,258
Mercedes-Benz,C 300 4MATIC Cabriolet,0.01628,0.01184,0.014208000000000002,224
Mercedes-Benz,C 300 4MATIC Coupe,0.015836,0.0111,0.013764000000000002,217
Mercedes-Benz,CLA 250 4MATIC Coupe,0.014504,0.010360000000000001,0.012727999999999998,200
Mercedes-Benz,CLS 450 4MATIC Coupe,0.016428,0.012135999999999997,0.014504,229
Mercedes-Benz,E 350 4MATIC Sedan,0.016576,0.012135999999999997,0.014504,229
Mercedes-Benz,E 450 4MATIC Sedan,0.015539999999999998,0.011692,0.013764000000000002,218
Mercedes-Benz,E 450 4MATIC Cabriolet,0.016576,0.012432,0.014652000000000002,233
Mercedes-Benz,E 450 4MATIC Coupe,0.01628,0.01184,0.014208000000000002,225
Mercedes-Benz,E 450 4MATIC All-Terrain Wagon,0.01628,0.012284,0.014504,229
Mercedes-Benz,GLA 250 4MATIC SUV,0.015244000000000002,0.010804,0.013319999999999999,210
Mercedes-Benz,GLB 250 4MATIC SUV,0.016132,0.011692,0.01406,224
Mercedes-Benz,GLC 300 4MATIC SUV,0.01702,0.013467999999999999,0.015392,242
Mercedes-Benz,GLC 300 4MATIC Coupe,0.01702,0.01258,0.014947999999999998,237
Mercedes-Benz,GLE 350 4MATIC SUV,0.017908,0.013172,0.015836,250
Mercedes-Benz,GLE 450 4MATIC SUV,0.016872,0.013764000000000002,0.015392,244
Mercedes-Benz,GLE 450 4MATIC Coupe,0.017315999999999998,0.013616,0.015539999999999998,247
Mercedes-Benz,GLS 450 4MATIC SUV,0.018944,0.014799999999999999,0.01702,269
Mercedes-Benz,Maybach S 580 4MATIC Sedan,0.022496,0.014652000000000002,0.019092,301
Mercedes-Benz,Metris Cargo Van,0.018648,0.014947999999999998,0.01702,267
Mercedes-Benz,Metris Cargo Van LWB,0.018648,0.014947999999999998,0.01702,267
Mercedes-Benz,Metris Passenger Van,0.019684,0.015688,0.017908,282
Mercedes-Benz,S 500 4MATIC SWB Sedan,0.016872,0.01184,0.014652000000000002,231
Mercedes-Benz,S 580 4MATIC LWB Sedan,0.021164000000000002,0.01406,0.018056,285
MINI,Cooper 3 Door,0.012135999999999997,0.009176,0.010804,170
MINI,Cooper 3 Door,0.012875999999999999,0.009324,0.011248,177
MINI,Cooper 5 Door,0.012135999999999997,0.009176,0.010804,170
MINI,Cooper 5 Door,0.012875999999999999,0.009324,0.011248,177
MINI,Cooper Convertible,0.012135999999999997,0.009176,0.010804,170
MINI,Cooper Convertible,0.012875999999999999,0.009324,0.011248,177
MINI,Cooper Countryman ALL4,0.015095999999999998,0.011396,0.013467999999999999,211
MINI,Cooper S 3 Door,0.01258,0.009176,0.0111,174
MINI,Cooper S 3 Door,0.015539999999999998,0.010804,0.013467999999999999,211
MINI,Cooper S 5 Door,0.01258,0.009176,0.0111,174
MINI,Cooper S 5 Door,0.015539999999999998,0.010804,0.013467999999999999,211
MINI,Cooper S Clubman ALL4,0.015095999999999998,0.010952000000000002,0.013172,207
MINI,Cooper S Convertible,0.013024000000000003,0.00962,0.011544,182
MINI,Cooper S Convertible,0.014947999999999998,0.010508,0.013024000000000003,205
MINI,Cooper S Countryman ALL4,0.015392,0.0111,0.013467999999999999,212
MINI,John Cooper Works 3 Door,0.013764000000000002,0.010212,0.012135999999999997,191
MINI,John Cooper Works 3 Door,0.015539999999999998,0.010804,0.013467999999999999,211
MINI,John Cooper Works Clubman ALL4,0.014947999999999998,0.011248,0.013319999999999999,210
MINI,John Cooper Works Convertible,0.014208000000000002,0.010656000000000002,0.01258,198
MINI,John Cooper Works Countryman ALL4,0.015392,0.011544,0.013616,210
Mitsubishi,Eclipse Cross 4WD,0.014208000000000002,0.013172,0.013764000000000002,216
Mitsubishi,Mirage,0.009768,0.008288,0.009176,143
Mitsubishi,Mirage,0.010508,0.008584,0.00962,151
Mitsubishi,Outlander 4WD,0.014355999999999999,0.011692,0.013172,208
Mitsubishi,RVR,0.014355999999999999,0.011544,0.013024000000000003,206
Mitsubishi,RVR 4WD,0.014947999999999998,0.012135999999999997,0.013616,213
Mitsubishi,RVR 4WD,0.015244000000000002,0.012284,0.013911999999999999,218
Nissan,Altima AWD,0.013467999999999999,0.00962,0.011692,186
Nissan,Altima AWD SR/Platinum,0.013764000000000002,0.009916,0.011988,190
Nissan,Armada 4WD,0.0259,0.019092,0.022792,362
Nissan,Frontier,0.018944,0.01406,0.016724,266
Nissan,Frontier 4WD,0.020275999999999995,0.015688,0.018204,288
Nissan,Kicks,0.011396,0.009768,0.010656000000000002,169
Nissan,Maxima,0.017168,0.011692,0.014652000000000002,233
Nissan,Murano AWD,0.017759999999999998,0.01258,0.015392,245
Nissan,Pathfinder 4WD,0.017168,0.013616,0.015539999999999998,246
Nissan,Qashqai,0.012727999999999998,0.010804,0.01184,188
Nissan,Qashqai,0.014799999999999999,0.011692,0.013467999999999999,213
Nissan,Qashqai AWD,0.013319999999999999,0.0111,0.012284,196
Nissan,Rogue,0.011544,0.00962,0.010656000000000002,169
Nissan,Rogue,0.013319999999999999,0.010508,0.011988,190
Nissan,Rogue AWD,0.012432,0.009916,0.011248,179
Nissan,Rogue AWD SL/Platinum,0.012432,0.010064,0.011396,181
Nissan,Rogue AWD,0.013616,0.010656000000000002,0.012284,195
Nissan,Sentra,0.01184,0.008879999999999999,0.010508,167
Nissan,Sentra SR,0.012135999999999997,0.009028,0.010804,171
Nissan,Sentra,0.013616,0.009176,0.011692,185
Nissan,Sentra SR,0.013911999999999999,0.009472,0.011988,189
Nissan,Versa,0.010952000000000002,0.008732,0.009916,158
Nissan,Versa,0.012727999999999998,0.009916,0.011396,181
Porsche,718 Boxster,0.01628,0.012875999999999999,0.014799999999999999,233
Porsche,718 Boxster,0.017315999999999998,0.013172,0.015539999999999998,245
Porsche,718 Boxster T,0.016576,0.012875999999999999,0.014947999999999998,236
Porsche,718 Boxster T,0.017315999999999998,0.013172,0.015539999999999998,245
Porsche,718 Boxster S,0.018056,0.013616,0.016132,255
Porsche,718 Boxster S,0.0185,0.014208000000000002,0.016576,263
Porsche,718 Boxster GTS 4.0,0.018204,0.014504,0.016428,260
Porsche,718 Boxster GTS 4.0,0.020720000000000002,0.014799999999999999,0.018056,284
Porsche,718 Cayman,0.01628,0.012875999999999999,0.014799999999999999,233
Porsche,718 Cayman,0.017315999999999998,0.013172,0.015539999999999998,245
Porsche,718 Cayman T,0.016576,0.012875999999999999,0.014947999999999998,236
Porsche,718 Cayman T,0.017315999999999998,0.013172,0.015539999999999998,245
Porsche,718 Cayman S,0.018056,0.013616,0.016132,255
Porsche,718 Cayman S,0.0185,0.014208000000000002,0.016576,263
Porsche,718 Cayman GT4,0.01924,0.014652000000000002,0.017168,271
Porsche,718 Cayman GT4,0.020720000000000002,0.014947999999999998,0.018056,286
Porsche,718 Cayman GTS 4.0,0.018204,0.014504,0.016428,260
Porsche,718 Cayman GTS 4.0,0.020720000000000002,0.014799999999999999,0.018056,284
Porsche,718 Spyder,0.01924,0.014652000000000002,0.017168,271
Porsche,718 Spyder,0.020720000000000002,0.014947999999999998,0.018056,286
Porsche,911 Carrera,0.019388,0.014504,0.017168,275
Porsche,911 Carrera Cabriolet,0.019388,0.014504,0.017168,275
Porsche,911 Carrera 4,0.019388,0.014504,0.017168,275
Porsche,911 Carrera 4 Cabriolet,0.019388,0.014355999999999999,0.017168,275
Porsche,911 Carrera S,0.019092,0.015095999999999998,0.017315999999999998,274
Porsche,911 Carrera S,0.018944,0.013911999999999999,0.016724,264
Porsche,911 Carrera S Cabriolet,0.019092,0.015095999999999998,0.017315999999999998,273
Porsche,911 Carrera S Cabriolet,0.020424,0.013911999999999999,0.017464,275
Porsche,911 Carrera 4S,0.01924,0.015095999999999998,0.017464,275
Porsche,911 Carrera 4S,0.020424,0.013764000000000002,0.017464,275
Porsche,911 Carrera 4S Cabriolet,0.018944,0.015095999999999998,0.017315999999999998,273
Porsche,911 Carrera 4S Cabriolet,0.020424,0.014504,0.017759999999999998,281
Porsche,911 Carrera GTS,0.020424,0.014947999999999998,0.017908,289
Porsche,911 Carrera GTS,0.01998,0.014504,0.017612,276
Porsche,911 Carrera GTS Cabriolet,0.020424,0.015095999999999998,0.018056,289
Porsche,911 Carrera GTS Cabriolet,0.020424,0.014208000000000002,0.017612,278
Porsche,911 Carrera 4 GTS,0.020424,0.014947999999999998,0.017908,288
Porsche,911 Carrera 4 GTS,0.020424,0.015095999999999998,0.018056,289
Porsche,911 Carrera 4 GTS Cabriolet,0.020275999999999995,0.015836,0.018204,288
Porsche,911 Carrera 4 GTS Cabriolet,0.021755999999999998,0.015095999999999998,0.018796,296
Porsche,911 GT3,0.023088,0.018796,0.021164000000000002,334
Porsche,911 GT3,0.02516,0.019388,0.022496,355
Porsche,911 GT3 Touring,0.023236,0.018796,0.021312000000000005,335
Porsche,911 GT3 Touring,0.025011999999999996,0.019388,0.022496,354
Porsche,911 Targa 4,0.019388,0.014504,0.017168,275
Porsche,911 Targa 4S,0.019388,0.015095999999999998,0.017464,274
Porsche,911 Targa 4S,0.020275999999999995,0.014504,0.017612,278
Porsche,911 Targa 4 GTS,0.020128,0.015836,0.018204,287
Porsche,911 Targa 4 GTS,0.021755999999999998,0.015095999999999998,0.018796,296
Porsche,911 Turbo,0.022496,0.017612,0.020275999999999995,321
Porsche,911 Turbo Cabriolet,0.023088,0.017464,0.020572,324
Porsche,911 Turbo S,0.022644,0.017464,0.020275999999999995,321
Porsche,911 Turbo S Cabriolet,0.02368,0.017464,0.020867999999999998,328
Porsche,Cayenne,0.020424,0.015836,0.018352,289
Porsche,Cayenne Coupe,0.020424,0.015836,0.018352,289
Porsche,Cayenne S,0.021755999999999998,0.015688,0.019092,307
Porsche,Cayenne S Coupe,0.021312000000000005,0.016576,0.01924,305
Porsche,Cayenne GTS,0.023384,0.018204,0.021016,331
Porsche,Cayenne GTS Coupe,0.022496,0.018352,0.020720000000000002,326
Porsche,Cayenne Turbo,0.024864,0.018352,0.021904000000000003,343
Porsche,Cayenne Turbo Coupe,0.023532,0.017759999999999998,0.020867999999999998,330
Porsche,Cayenne Turbo GT,0.024864,0.018352,0.021904000000000003,345
Porsche,Macan,0.018352,0.013764000000000002,0.01628,263
Porsche,Macan S,0.020424,0.014947999999999998,0.018056,289
Porsche,Macan GTS,0.01998,0.015836,0.018056,290
Porsche,Panamera,0.019388,0.014504,0.017168,274
Porsche,Panamera 4,0.018944,0.014504,0.01702,274
Porsche,Panamera 4 Executive,0.020424,0.015095999999999998,0.018056,289
Porsche,Panamera 4 ST,0.018944,0.015095999999999998,0.017315999999999998,274
Porsche,Panamera 4S,0.018944,0.014504,0.016872,276
Porsche,Panamera 4S Executive,0.020424,0.015095999999999998,0.018056,292
Porsche,Panamera 4S ST,0.020424,0.015095999999999998,0.018056,292
Porsche,Panamera GTS,0.023236,0.016576,0.020275999999999995,323
Porsche,Panamera GTS ST,0.023236,0.017464,0.020572,323
Porsche,Panamera Turbo S,0.022644,0.016576,0.01998,326
Porsche,Panamera Turbo S Executive,0.022644,0.016576,0.01998,326
Porsche,Panamera Turbo S ST,0.022644,0.016576,0.01998,326
Ram,1500 EcoDiesel,0.015539999999999998,0.010804,0.013319999999999999,243
Ram,1500 HFE EcoDiesel,0.015392,0.010508,0.013172,238
Ram,1500 eTorque,0.017612,0.013911999999999999,0.015984,253
Ram,1500 HFE eTorque,0.017168,0.013319999999999999,0.015392,245
Ram,1500,0.023976,0.015539999999999998,0.020128,320
Ram,1500 eTorque,0.01924,0.014799999999999999,0.017315999999999998,275
Ram,1500 4X4 EcoDiesel,0.016428,0.01184,0.014355999999999999,260
Ram,1500 4X4 eTorque,0.018056,0.014355999999999999,0.016428,260
Ram,1500 4X4,0.023828,0.01628,0.020424,325
Ram,1500 4X4 eTorque,0.019832,0.015539999999999998,0.017908,284
Ram,1500 4X4 TRX,0.033152,0.02442,0.029304000000000004,465
Ram,1500 Classic,0.020572,0.014208000000000002,0.017612,280
Ram,1500 Classic,0.023532,0.016428,0.020275999999999995,323
Ram,1500 Classic 4X4,0.02146,0.015095999999999998,0.018648,295
Ram,1500 Classic 4X4,0.023976,0.017168,0.020867999999999998,330
Ram,ProMaster City,0.016576,0.012284,0.014652000000000002,232
Rolls-Royce,Cullinan,0.029748000000000004,0.017908,0.02442,386
Rolls-Royce,Cullinan Black Badge,0.029748000000000004,0.017908,0.02442,386
Rolls-Royce,Ghost,0.029451999999999996,0.018796,0.024715999999999995,387
Rolls-Royce,Ghost Black Badge,0.029451999999999996,0.018796,0.024715999999999995,387
Rolls-Royce,Ghost EWB,0.029451999999999996,0.018796,0.024715999999999995,387
Rolls-Royce,Phantom,0.029599999999999998,0.017464,0.024124,382
Rolls-Royce,Phantom EWB,0.029599999999999998,0.017464,0.024124,382
Subaru,Ascent AWD,0.017315999999999998,0.013319999999999999,0.015539999999999998,245
Subaru,BRZ,0.01628,0.011396,0.01406,224
Subaru,BRZ,0.017759999999999998,0.013024000000000003,0.015539999999999998,247
Subaru,Crosstrek AWD,0.01258,0.010360000000000001,0.011692,184
Subaru,Crosstrek AWD,0.015539999999999998,0.011988,0.013911999999999999,220
Subaru,Crosstrek AWD,0.013024000000000003,0.010360000000000001,0.01184,188
Subaru,Forester AWD,0.013319999999999999,0.010656000000000002,0.012135999999999997,192
Subaru,Forester Wilderness AWD,0.01406,0.012284,0.013319999999999999,210
Subaru,Impreza 4-Door AWD,0.012284,0.009472,0.010952000000000002,174
Subaru,Impreza 4-Door AWD,0.014947999999999998,0.0111,0.013319999999999999,209
Subaru,Impreza 5-Door AWD,0.012432,0.009768,0.011248,178
Subaru,Impreza 5-Door AWD,0.014947999999999998,0.011396,0.013319999999999999,211
Subaru,Legacy AWD,0.014652000000000002,0.010804,0.012875999999999999,205
Subaru,Legacy AWD,0.013024000000000003,0.009916,0.011544,184
Subaru,Outback AWD,0.014947999999999998,0.011692,0.013467999999999999,213
Subaru,Outback AWD,0.013319999999999999,0.010508,0.012135999999999997,192
Subaru,Outback Wilderness AWD,0.016132,0.013172,0.014799999999999999,235
Subaru,WRX AWD,0.018796,0.013911999999999999,0.016576,262
Subaru,WRX AWD,0.018204,0.013319999999999999,0.015984,254
Toyota,4Runner 4WD,0.022052,0.018648,0.020424,323
Toyota,4Runner 4WD (Part-Time 4WD) ,0.021904000000000003,0.0185,0.020424,321
Toyota,C-HR,0.012875999999999999,0.0111,0.012135999999999997,189
Toyota,Camry LE/SE,0.01258,0.009028,0.010952000000000002,174
Toyota,Camry XSE,0.012727999999999998,0.009324,0.011248,178
Toyota,Camry XSE V6,0.015836,0.010952000000000002,0.013616,215
Toyota,Camry TRD,0.015984,0.011248,0.013911999999999999,220
Toyota,Camry AWD SE,0.013911999999999999,0.010064,0.012135999999999997,192
Toyota,Camry AWD XSE,0.01406,0.010360000000000001,0.012432,195
Toyota,Camry Hybrid LE,0.007252,0.007104000000000001,0.007252,113
Toyota,Camry Hybrid SE/XLE/XSE,0.007844,0.0073999999999999995,0.007547999999999999,121
Toyota,Corolla,0.011692,0.009176,0.010508,166
Toyota,Corolla XLE,0.011988,0.009324,0.010804,170
Toyota,Corolla,0.01184,0.008879999999999999,0.010508,165
Toyota,Corolla,0.011248,0.008732,0.010064,159
Toyota,Corolla XSE,0.011396,0.009028,0.010360000000000001,164
Toyota,Corolla,0.012135999999999997,0.00962,0.010952000000000002,172
Toyota,Corolla Apex Edition,0.011396,0.009176,0.010360000000000001,164
Toyota,Corolla Hatchback,0.0111,0.008732,0.010064,159
Toyota,Corolla Hatchback,0.012432,0.009916,0.011248,179
Toyota,Corolla Hybrid,0.006512000000000001,0.006659999999999999,0.006659999999999999,106
Toyota,Corolla Cross,0.011248,0.010360000000000001,0.010804,171
Toyota,Corolla Cross AWD,0.011988,0.010952000000000002,0.011544,182
Toyota,GR 86,0.016428,0.011396,0.014208000000000002,224
Toyota,GR 86,0.017612,0.012875999999999999,0.015539999999999998,246
Toyota,GR Supra 2.0,0.013764000000000002,0.010656000000000002,0.012432,195
Toyota,GR Supra 3.0,0.015688,0.01184,0.013911999999999999,218
Toyota,Highlander AWD,0.017464,0.012727999999999998,0.015244000000000002,241
Toyota,Highlander Hybrid AWD,0.009916,0.010064,0.009916,158
Toyota,Highlander Hybrid AWD Limited/Platinum,0.009768,0.010064,0.009916,156
Toyota,Prius,0.006512000000000001,0.0069559999999999995,0.006659999999999999,106
Toyota,Prius AWD,0.006808,0.0073999999999999995,0.007104000000000001,111
Toyota,RAV4,0.013024000000000003,0.010064,0.011692,184
Toyota,RAV4 (Stop/Start),0.01258,0.010064,0.011396,180
Toyota,RAV4 AWD,0.01406,0.010508,0.012432,198
Toyota,RAV4 AWD (Stop/Start),0.013024000000000003,0.010508,0.01184,187
Toyota,RAV4 AWD LE,0.012875999999999999,0.010212,0.011692,184
Toyota,RAV4 AWD TRD Off-Road,0.01406,0.010952000000000002,0.01258,200
Toyota,RAV4 Hybrid AWD,0.008584,0.009324,0.008879999999999999,140
Toyota,Sequoia 4WD,0.027379999999999998,0.020572,0.024271999999999995,385
Toyota,Sienna,0.009768,0.00962,0.009768,154
Toyota,Sienna AWD,0.010064,0.009768,0.009916,158
Toyota,Tacoma 4WD,0.01924,0.015539999999999998,0.017464,278
Toyota,Tacoma 4WD,0.020424,0.016872,0.018796,299
Toyota,Tacoma 4WD D-Cab TRD Off-Road/PRO,0.020424,0.017315999999999998,0.019092,300
Toyota,Tundra,0.019388,0.014947999999999998,0.017464,277
Toyota,Tundra 4WD,0.020128,0.015392,0.018056,285
Toyota,Tundra 4WD TRD,0.01998,0.015688,0.018056,286
Toyota,Tundra Hybrid 4WD,0.018796,0.015539999999999998,0.017315999999999998,274
Toyota,Tundra Hybrid 4WD TRD PRO,0.0185,0.016576,0.017612,277
Toyota,Venza AWD,0.008732,0.009472,0.009028,142
Volkswagen,Atlas 4MOTION,0.01702,0.01406,0.015688,249
Volkswagen,Atlas 4MOTION,0.020424,0.015095999999999998,0.018056,286
Volkswagen,Atlas Cross Sport 4MOTION,0.017168,0.014355999999999999,0.015836,252
Volkswagen,Atlas Cross Sport 4MOTION,0.019388,0.014799999999999999,0.017315999999999998,275
Volkswagen,Golf GTI,0.013764000000000002,0.010360000000000001,0.012284,194
Volkswagen,Golf GTI,0.014504,0.010212,0.01258,198
Volkswagen,Golf R,0.015244000000000002,0.011396,0.013467999999999999,213
Volkswagen,Golf R,0.017464,0.012284,0.015095999999999998,237
Volkswagen,Jetta,0.011396,0.008436,0.010064,159
Volkswagen,Jetta SE/SEL,0.011988,0.008584,0.010508,167
Volkswagen,Jetta,0.01184,0.00814,0.010212,161
Volkswagen,Jetta GLI,0.013319999999999999,0.00962,0.011692,185
Volkswagen,Jetta GLI,0.013467999999999999,0.009472,0.011692,186
Volkswagen,Passat,0.014355999999999999,0.009768,0.012284,196
Volkswagen,Taos,0.012432,0.009768,0.011248,178
Volkswagen,Taos 4MOTION,0.01406,0.010952000000000002,0.01258,200
Volkswagen,Tiguan 4MOTION,0.015688,0.01184,0.013911999999999999,222
Volkswagen,Tiguan R-Line 4MOTION,0.01628,0.012284,0.014504,229
Volvo,S60 B5,0.013319999999999999,0.009916,0.01184,186
Volvo,S60 B5 AWD,0.013911999999999999,0.010212,0.012284,193
Volvo,S90 B6 AWD,0.015392,0.0111,0.013467999999999999,212
Volvo,V60 T6 AWD,0.016724,0.0111,0.014208000000000002,224
Volvo,V60 CC T5 AWD,0.016132,0.011396,0.01406,221
Volvo,V90 CC B6 AWD,0.015688,0.011988,0.01406,222
Volvo,XC40 T4 AWD,0.015836,0.011248,0.013764000000000002,217
Volvo,XC40 T5 AWD,0.015836,0.011396,0.013911999999999999,219
Volvo,XC60 B5 AWD,0.015539999999999998,0.011988,0.013911999999999999,219
Volvo,XC60 B6 AWD,0.01628,0.012875999999999999,0.014652000000000002,232
Volvo,XC90 T5 AWD,0.01702,0.012432,0.014947999999999998,236
Volvo,XC90 T6 AWD,0.018352,0.013172,0.015984,252
